"success","timeout","failed_images","failed_audio","failed_video","typeoftrial","subject","trial_type","trial_index","time_elapsed","internal_node_id","rt","stimulus","response","Experiment","List","trialcondition","sentence","object","correct","question_order"
"true","false","[]","[]","[]","preload","32188","preload","0","10226","0.0-0.0","","","","","","","","","",""
"","","","","","consent","","html-button-response","1","27586","0.0-1.0","17359","
  <p style=""font-size:20px;""> Welcome! Thank you for your interest in our study. </p>
  <p style=""font-size:20px;""> This study is being conducted by researchers at Bowdoin College.</p>
  <p style=""font-size:20px;""> In this experiment, you will be asked to make judgments about the content of different sentences.</p>
  <p style=""font-size:20px;""> The entire experiment should not last more than 30 minutes. You will be paid $3.00 USD for your participation. </p>
  <p style=""font-size:20px;""> Please click <a href = ""https://drive.google.com/file/d/1m56PqqGRMrcjHjT3BssO_IP3OhI6QUvY/view?usp=share_link"" target = ""_blank"">here</a> to read the full consent form. </p>
  <p style=""font-size:20px;""> If you agree to participate, please click the button below to continue to experiment instructions.</p>
  ","0","","","","","","",""
"","","","","","ID","32188","survey-text","2","34544","0.0-2.0","6935","","{""ID"":""6161fbd4155750174e4c654b""}","","","","","","",""
"","","","","","instructions","32188","html-button-response","3","51773","0.0-3.0","17228","
  <p style=""font-size:20px;""> In this experiment, you will be asked to make judgments about the content of different sentences.</p>
  <p style=""font-size:20px;""> On each trial, you will read a sentence, and will be shown a picture immediately following the sentence. </p>
  <p style=""font-size:20px;""> Your task is to decide whether the object displayed in the picture was mentioned in the sentence or not </p>
  <p style=""font-size:20px;""> and respond as quickly as possible by pressing <strong>S</strong> for yes or <strong>N</strong> for no. </p>
  <p style=""font-size:20px;""> You will now do a practice session with feedback and instructions. </p>
  <p style=""font-size:20px;""> Click the button below to continue.</p>
  ","0","","","","","","",""
"","","","","","instructions","32188","html-button-response","4","198492","0.0-4.0","146720","
  <p style=""font-size:20px;""> You are about to begin the practice test. </p>
  <p style=""font-size:20px;""> On each trial, a sentence will appear on the screen. You should press SPACEBAR when you have read and understood the sentence.</p>
  <p style=""font-size:20px;""> After you press SPACEBAR, a picture will appear on the screen. </p>
  <p style=""font-size:20px;""> You need to indicate whether or not the pictured object was mentioned in the sentence. </p>
  <p style=""font-size:20px;""> If the object WAS mentioned in the preceding sentence, you should press <strong>S</strong> </p>
  <p style=""font-size:20px;""> If the object was NOT mentioned in the preceding sentence, you should press <strong>N</strong>. </p>
  <p style=""font-size:20px;""> Click the button below to continue to the practice session.</p>
  ","0","","","","","","",""
"","","","","","fixation","32188","html-keyboard-response","5","199494","0.0-5.0-0.0","null","<p style=""font-size: 48px;"">+</p>","null","","","","","","",""
"","","","","","sentence","32188","html-keyboard-response","6","202995","0.0-5.0-1.0","3499","You drop a bowling ball on a ceramic mug."," ","","practice","Practice","You drop a bowling ball on a ceramic mug.","mug.jpg","",""
"","","","","","fixation","32188","html-keyboard-response","7","203497","0.0-5.0-2.0","null","<p style=""font-size: 48px;"">+</p>","null","","","","","","",""
"","","","","","picture","32188","image-keyboard-response","8","205033","0.0-5.0-3.0","1525","mug.jpg","s","","practice","Practice","You drop a bowling ball on a ceramic mug.","mug.jpg","true",""
"","","","","","","","html-keyboard-response","9","206035","0.0-5.0-4.0","null","<p style='font-size: 70px; color: green;'>Correct!</p>","null","","","","","","",""
"","","","","","fixation","32188","html-keyboard-response","10","207036","0.0-5.0-0.1","null","<p style=""font-size: 48px;"">+</p>","null","","","","","","",""
"","","","","","sentence","32188","html-keyboard-response","11","210090","0.0-5.0-1.1","3053","You drop a brick on a a book."," ","","practice","Practice","You drop a brick on a a book.","computer.jpg","",""
"","","","","","fixation","32188","html-keyboard-response","12","210591","0.0-5.0-2.1","null","<p style=""font-size: 48px;"">+</p>","null","","","","","","",""
"","","","","","picture","32188","image-keyboard-response","13","211743","0.0-5.0-3.1","1142","computer.jpg","n","","practice","Practice","You drop a brick on a a book.","computer.jpg","true",""
"","","","","","","","html-keyboard-response","14","212745","0.0-5.0-4.1","null","<p style='font-size: 70px; color: green;'>Correct!</p>","null","","","","","","",""
"","","","","","fixation","32188","html-keyboard-response","15","213747","0.0-5.0-0.2","null","<p style=""font-size: 48px;"">+</p>","null","","","","","","",""
"","","","","","sentence","32188","html-keyboard-response","16","216598","0.0-5.0-1.2","2850","You see how a man is cutting an avocado."," ","","practice","Practice","You see how a man is cutting an avocado.","avocado.jpg","",""
"","","","","","fixation","32188","html-keyboard-response","17","217100","0.0-5.0-2.2","null","<p style=""font-size: 48px;"">+</p>","null","","","","","","",""
"","","","","","picture","32188","image-keyboard-response","18","218395","0.0-5.0-3.2","1276","avocado.jpg","s","","practice","Practice","You see how a man is cutting an avocado.","avocado.jpg","true",""
"","","","","","","","html-keyboard-response","19","219396","0.0-5.0-4.2","null","<p style='font-size: 70px; color: green;'>Correct!</p>","null","","","","","","",""
"","","","","","fixation","32188","html-keyboard-response","20","220398","0.0-5.0-0.3","null","<p style=""font-size: 48px;"">+</p>","null","","","","","","",""
"","","","","","sentence","32188","html-keyboard-response","21","226068","0.0-5.0-1.3","5669","You see how a woman is signing karaoke."," ","","practice","Practice","You see how a woman is signing karaoke.","volleyball.jpg","",""
"","","","","","fixation","32188","html-keyboard-response","22","226569","0.0-5.0-2.3","null","<p style=""font-size: 48px;"">+</p>","null","","","","","","",""
"","","","","","picture","32188","image-keyboard-response","23","227837","0.0-5.0-3.3","1260","volleyball.jpg","n","","practice","Practice","You see how a woman is signing karaoke.","volleyball.jpg","true",""
"","","","","","","","html-keyboard-response","24","228839","0.0-5.0-4.3","null","<p style='font-size: 70px; color: green;'>Correct!</p>","null","","","","","","",""
"","","","","","fixation","32188","html-keyboard-response","25","229841","0.0-5.0-0.4","null","<p style=""font-size: 48px;"">+</p>","null","","","","","","",""
"","","","","","sentence","32188","html-keyboard-response","26","234628","0.0-5.0-1.4","4786","You drop a balloon on a taco."," ","","practice","Practice","You drop a balloon on a taco.","taco.jpg","",""
"","","","","","fixation","32188","html-keyboard-response","27","235130","0.0-5.0-2.4","null","<p style=""font-size: 48px;"">+</p>","null","","","","","","",""
"","","","","","picture","32188","image-keyboard-response","28","236744","0.0-5.0-3.4","1561","taco.jpg","s","","practice","Practice","You drop a balloon on a taco.","taco.jpg","true",""
"","","","","","","","html-keyboard-response","29","237745","0.0-5.0-4.4","null","<p style='font-size: 70px; color: green;'>Correct!</p>","null","","","","","","",""
"","","","","","fixation","32188","html-keyboard-response","30","238748","0.0-5.0-0.5","null","<p style=""font-size: 48px;"">+</p>","null","","","","","","",""
"","","","","","sentence","32188","html-keyboard-response","31","241697","0.0-5.0-1.5","2947","You see how a doctor is carrying a basket."," ","","practice","Practice","You see how a doctor is carrying a basket.","shirt.jpg","",""
"","","","","","fixation","32188","html-keyboard-response","32","242199","0.0-5.0-2.5","null","<p style=""font-size: 48px;"">+</p>","null","","","","","","",""
"","","","","","picture","32188","image-keyboard-response","33","243553","0.0-5.0-3.5","1345","shirt.jpg","n","","practice","Practice","You see how a doctor is carrying a basket.","shirt.jpg","true",""
"","","","","","","","html-keyboard-response","34","244555","0.0-5.0-4.5","null","<p style='font-size: 70px; color: green;'>Correct!</p>","null","","","","","","",""
"","","","","","movetoexp","32188","html-button-response","35","386554","0.0-6.0","142000","<p style=""font-size:20px;"">You have now completed the practice session! </p>
      <p style=""font-size:20px;"">You will now move on to the main experiment, where you will not be provided any feedback. </p>
      <p style=""font-size:20px;"">Remember, you should press <strong>S</strong> if the pictured object was mentioned in the preceding sentence<br> and <strong>N</strong> if the pictured object was not mentioned in the preceding sentence.</p>
      <p style=""font-size:20px;"">Please click the button below to continue to the main experiment. </p>","0","","","","","","",""
"","","","","","fixation","32188","html-keyboard-response","36","387556","0.0-7.0-0.0","null","<p style=""font-size: 48px;"">+</p>","null","","","","","","",""
"","","","","","sentence","32188","html-keyboard-response","37","389385","0.0-7.0-1.0","1829","You see how a horse is chewing hay"," ","","4","filler","You see how a horse is chewing hay","purse.jpg","",""
"","","","","","picture","32188","image-keyboard-response","38","390763","0.0-7.0-2.0","1374","purse.jpg","n","","4","filler","You see how a horse is chewing hay","purse.jpg","true",""
"","","","","","fixation","32188","html-keyboard-response","39","391265","0.0-7.0-3.0","null","<p style=""font-size: 48px;"">+</p>","null","","","","","","",""
"","","","","","fixation","32188","html-keyboard-response","40","392266","0.0-7.0-0.1","null","<p style=""font-size: 48px;"">+</p>","null","","","","","","",""
"","","","","","sentence","32188","html-keyboard-response","41","393543","0.0-7.0-1.1","1276","You drop a cabbage on the table"," ","","4","filler","You drop a cabbage on the table","ladder.jpg","",""
"","","","","","picture","32188","image-keyboard-response","42","394649","0.0-7.0-2.1","1103","ladder.jpg","n","","4","filler","You drop a cabbage on the table","ladder.jpg","true",""
"","","","","","fixation","32188","html-keyboard-response","43","395151","0.0-7.0-3.1","null","<p style=""font-size: 48px;"">+</p>","null","","","","","","",""
"","","","","","fixation","32188","html-keyboard-response","44","396152","0.0-7.0-0.2","null","<p style=""font-size: 48px;"">+</p>","null","","","","","","",""
"","","","","","sentence","32188","html-keyboard-response","45","397838","0.0-7.0-1.2","1686","You see how a teenage girl is playing the piano"," ","","4","filler","You see how a teenage girl is playing the piano","pillow.jpg","",""
"","","","","","picture","32188","image-keyboard-response","46","398817","0.0-7.0-2.2","974","pillow.jpg","n","","4","filler","You see how a teenage girl is playing the piano","pillow.jpg","true",""
"","","","","","fixation","32188","html-keyboard-response","47","399318","0.0-7.0-3.2","null","<p style=""font-size: 48px;"">+</p>","null","","","","","","",""
"","","","","","fixation","32188","html-keyboard-response","48","400320","0.0-7.0-0.3","null","<p style=""font-size: 48px;"">+</p>","null","","","","","","",""
"","","","","","sentence","32188","html-keyboard-response","49","401876","0.0-7.0-1.3","1556","You see how a cook is taking a knife"," ","","4","filler","You see how a cook is taking a knife","knife.jpg","",""
"","","","","","picture","32188","image-keyboard-response","50","403206","0.0-7.0-2.3","1325","knife.jpg","s","","4","filler","You see how a cook is taking a knife","knife.jpg","true",""
"","","","","","fixation","32188","html-keyboard-response","51","403708","0.0-7.0-3.3","null","<p style=""font-size: 48px;"">+</p>","null","","","","","","",""
"","","","","","fixation","32188","html-keyboard-response","52","404710","0.0-7.0-0.4","null","<p style=""font-size: 48px;"">+</p>","null","","","","","","",""
"","","","","","sentence","32188","html-keyboard-response","53","406220","0.0-7.0-1.4","1509","You see how a cat is drinking water from a bowl"," ","","4","filler","You see how a cat is drinking water from a bowl","bowl.jpg","",""
"","","","","","picture","32188","image-keyboard-response","54","407605","0.0-7.0-2.4","1382","bowl.jpg","s","","4","filler","You see how a cat is drinking water from a bowl","bowl.jpg","true",""
"","","","","","fixation","32188","html-keyboard-response","55","408106","0.0-7.0-3.4","null","<p style=""font-size: 48px;"">+</p>","null","","","","","","",""
"","","","","","fixation","32188","html-keyboard-response","56","409106","0.0-7.0-0.5","null","<p style=""font-size: 48px;"">+</p>","null","","","","","","",""
"","","","","","sentence","32188","html-keyboard-response","57","412489","0.0-7.0-1.5","3382","You drop a cushion on the magazine"," ","","4","filler","You drop a cushion on the magazine","box.jpg","",""
"","","","","","picture","32188","image-keyboard-response","58","413633","0.0-7.0-2.5","1140","box.jpg","n","","4","filler","You drop a cushion on the magazine","box.jpg","true",""
"","","","","","fixation","32188","html-keyboard-response","59","414135","0.0-7.0-3.5","null","<p style=""font-size: 48px;"">+</p>","null","","","","","","",""
"","","","","","fixation","32188","html-keyboard-response","60","415137","0.0-7.0-0.6","null","<p style=""font-size: 48px;"">+</p>","null","","","","","","",""
"","","","","","sentence","32188","html-keyboard-response","61","420086","0.0-7.0-1.6","4948","You drop a brick on a kiwi."," ","","4","Typical_Smashed","You drop a brick on a kiwi.","kiwiS.jpg","",""
"","","","","","picture","32188","image-keyboard-response","62","421247","0.0-7.0-2.6","1155","kiwiS.jpg","s","","4","Typical_Smashed","You drop a brick on a kiwi.","kiwiS.jpg","true",""
"","","","","","fixation","32188","html-keyboard-response","63","421749","0.0-7.0-3.6","null","<p style=""font-size: 48px;"">+</p>","null","","","","","","",""
"","","","","","fixation","32188","html-keyboard-response","64","422750","0.0-7.0-0.7","null","<p style=""font-size: 48px;"">+</p>","null","","","","","","",""
"","","","","","sentence","32188","html-keyboard-response","65","426262","0.0-7.0-1.7","3511","You see how a police officer is talking on the phone"," ","","4","filler","You see how a police officer is talking on the phone","tissuebox.jpg","",""
"","","","","","picture","32188","image-keyboard-response","66","427764","0.0-7.0-2.7","1499","tissuebox.jpg","n","","4","filler","You see how a police officer is talking on the phone","tissuebox.jpg","true",""
"","","","","","fixation","32188","html-keyboard-response","67","428266","0.0-7.0-3.7","null","<p style=""font-size: 48px;"">+</p>","null","","","","","","",""
"","","","","","fixation","32188","html-keyboard-response","68","429269","0.0-7.0-0.8","null","<p style=""font-size: 48px;"">+</p>","null","","","","","","",""
"","","","","","sentence","32188","html-keyboard-response","69","433602","0.0-7.0-1.8","4332","You drop a brick on a blackberry."," ","","4","Typical_Intact","You drop a brick on a blackberry.","blueberryN.jpg","",""
"","","","","","picture","32188","image-keyboard-response","70","435588","0.0-7.0-2.8","1982","blueberryN.jpg","s","","4","Typical_Intact","You drop a brick on a blackberry.","blueberryN.jpg","true",""
"","","","","","fixation","32188","html-keyboard-response","71","436090","0.0-7.0-3.8","null","<p style=""font-size: 48px;"">+</p>","null","","","","","","",""
"","","","","","fixation","32188","html-keyboard-response","72","437092","0.0-7.0-0.9","null","<p style=""font-size: 48px;"">+</p>","null","","","","","","",""
"","","","","","sentence","32188","html-keyboard-response","73","440579","0.0-7.0-1.9","3485","You see how a postman is driving a car"," ","","4","filler","You see how a postman is driving a car","car.jpg","",""
"","","","","","picture","32188","image-keyboard-response","74","443866","0.0-7.0-2.9","3283","car.jpg","s","","4","filler","You see how a postman is driving a car","car.jpg","true",""
"","","","","","fixation","32188","html-keyboard-response","75","444368","0.0-7.0-3.9","null","<p style=""font-size: 48px;"">+</p>","null","","","","","","",""
"","","","","","fixation","32188","html-keyboard-response","76","445370","0.0-7.0-0.10","null","<p style=""font-size: 48px;"">+</p>","null","","","","","","",""
"","","","","","sentence","32188","html-keyboard-response","77","447700","0.0-7.0-1.10","2329","You drop a brick on an ice cream."," ","","4","Atypical_Smashed","You drop a brick on an ice cream.","icecreamAS.jpeg","",""
"","","","","","picture","32188","image-keyboard-response","78","449628","0.0-7.0-2.10","1926","icecreamAS.jpeg","s","","4","Atypical_Smashed","You drop a brick on an ice cream.","icecreamAS.jpeg","true",""
"","","","","","fixation","32188","html-keyboard-response","79","450130","0.0-7.0-3.10","null","<p style=""font-size: 48px;"">+</p>","null","","","","","","",""
"","","","","","fixation","32188","html-keyboard-response","80","451132","0.0-7.0-0.11","null","<p style=""font-size: 48px;"">+</p>","null","","","","","","",""
"","","","","","sentence","32188","html-keyboard-response","81","452607","0.0-7.0-1.11","1474","You see how a pilot is reading a book"," ","","4","filler","You see how a pilot is reading a book","spoon.jpg","",""
"","","","","","picture","32188","image-keyboard-response","82","454001","0.0-7.0-2.11","1391","spoon.jpg","n","","4","filler","You see how a pilot is reading a book","spoon.jpg","true",""
"","","","","","fixation","32188","html-keyboard-response","83","454504","0.0-7.0-3.11","null","<p style=""font-size: 48px;"">+</p>","null","","","","","","",""
"","","","","","fixation","32188","html-keyboard-response","84","455506","0.0-7.0-0.12","null","<p style=""font-size: 48px;"">+</p>","null","","","","","","",""
"","","","","","sentence","32188","html-keyboard-response","85","457199","0.0-7.0-1.12","1692","You see how a woman is taking money out of a wallet"," ","","4","filler","You see how a woman is taking money out of a wallet","coconut.jpg","",""
"","","","","","picture","32188","image-keyboard-response","86","458319","0.0-7.0-2.12","1117","coconut.jpg","n","","4","filler","You see how a woman is taking money out of a wallet","coconut.jpg","true",""
"","","","","","fixation","32188","html-keyboard-response","87","458820","0.0-7.0-3.12","null","<p style=""font-size: 48px;"">+</p>","null","","","","","","",""
"","","","","","fixation","32188","html-keyboard-response","88","459821","0.0-7.0-0.13","null","<p style=""font-size: 48px;"">+</p>","null","","","","","","",""
"","","","","","sentence","32188","html-keyboard-response","89","462073","0.0-7.0-1.13","2251","You see how a thief is stealing a wallet"," ","","4","filler","You see how a thief is stealing a wallet","teddybear.jpg","",""
"","","","","","picture","32188","image-keyboard-response","90","462991","0.0-7.0-2.13","914","teddybear.jpg","n","","4","filler","You see how a thief is stealing a wallet","teddybear.jpg","true",""
"","","","","","fixation","32188","html-keyboard-response","91","463493","0.0-7.0-3.13","null","<p style=""font-size: 48px;"">+</p>","null","","","","","","",""
"","","","","","fixation","32188","html-keyboard-response","92","464494","0.0-7.0-0.14","null","<p style=""font-size: 48px;"">+</p>","null","","","","","","",""
"","","","","","sentence","32188","html-keyboard-response","93","465564","0.0-7.0-1.14","1070","You see how a kitten is playing in the sandbox"," ","","4","filler","You see how a kitten is playing in the sandbox","dustbin.jpg","",""
"","","","","","picture","32188","image-keyboard-response","94","466780","0.0-7.0-2.14","1212","dustbin.jpg","n","","4","filler","You see how a kitten is playing in the sandbox","dustbin.jpg","true",""
"","","","","","fixation","32188","html-keyboard-response","95","467282","0.0-7.0-3.14","null","<p style=""font-size: 48px;"">+</p>","null","","","","","","",""
"","","","","","fixation","32188","html-keyboard-response","96","468284","0.0-7.0-0.15","null","<p style=""font-size: 48px;"">+</p>","null","","","","","","",""
"","","","","","sentence","32188","html-keyboard-response","97","469843","0.0-7.0-1.15","1559","You see how a doctor is taking a stethoscope"," ","","4","filler","You see how a doctor is taking a stethoscope","matchesbox.jpg","",""
"","","","","","picture","32188","image-keyboard-response","98","470890","0.0-7.0-2.15","1042","matchesbox.jpg","n","","4","filler","You see how a doctor is taking a stethoscope","matchesbox.jpg","true",""
"","","","","","fixation","32188","html-keyboard-response","99","471392","0.0-7.0-3.15","null","<p style=""font-size: 48px;"">+</p>","null","","","","","","",""
"","","","","","fixation","32188","html-keyboard-response","100","472394","0.0-7.0-0.16","null","<p style=""font-size: 48px;"">+</p>","null","","","","","","",""
"","","","","","sentence","32188","html-keyboard-response","101","473255","0.0-7.0-1.16","861","You drop a brick on a cracker."," ","","4","Typical_Intact","You drop a brick on a cracker.","crackerN.jpg","",""
"","","","","","picture","32188","image-keyboard-response","102","474652","0.0-7.0-2.16","1393","crackerN.jpg","s","","4","Typical_Intact","You drop a brick on a cracker.","crackerN.jpg","true",""
"","","","","","fixation","32188","html-keyboard-response","103","475154","0.0-7.0-3.16","null","<p style=""font-size: 48px;"">+</p>","null","","","","","","",""
"","","","","","fixation","32188","html-keyboard-response","104","476156","0.0-7.0-0.17","null","<p style=""font-size: 48px;"">+</p>","null","","","","","","",""
"","","","","","sentence","32188","html-keyboard-response","105","479175","0.0-7.0-1.17","3018","You see how a president is writing in the notebook"," ","","4","filler","You see how a president is writing in the notebook","TV.jpg","",""
"","","","","","picture","32188","image-keyboard-response","106","480135","0.0-7.0-2.17","956","TV.jpg","n","","4","filler","You see how a president is writing in the notebook","TV.jpg","true",""
"","","","","","fixation","32188","html-keyboard-response","107","480637","0.0-7.0-3.17","null","<p style=""font-size: 48px;"">+</p>","null","","","","","","",""
"","","","","","fixation","32188","html-keyboard-response","108","481638","0.0-7.0-0.18","null","<p style=""font-size: 48px;"">+</p>","null","","","","","","",""
"","","","","","sentence","32188","html-keyboard-response","109","482351","0.0-7.0-1.18","712","You drop a brick on a chocolate."," ","","4","Typical_Intact","You drop a brick on a chocolate.","chocolateN.jpg","",""
"","","","","","picture","32188","image-keyboard-response","110","483482","0.0-7.0-2.18","1127","chocolateN.jpg","s","","4","Typical_Intact","You drop a brick on a chocolate.","chocolateN.jpg","true",""
"","","","","","fixation","32188","html-keyboard-response","111","483984","0.0-7.0-3.18","null","<p style=""font-size: 48px;"">+</p>","null","","","","","","",""
"","","","","","fixation","32188","html-keyboard-response","112","484986","0.0-7.0-0.19","null","<p style=""font-size: 48px;"">+</p>","null","","","","","","",""
"","","","","","sentence","32188","html-keyboard-response","113","485849","0.0-7.0-1.19","862","You drop a brick on an orange."," ","","4","Atypical_Intact","You drop a brick on an orange.","orangeAN.jpeg","",""
"","","","","","picture","32188","image-keyboard-response","114","487637","0.0-7.0-2.19","1654","orangeAN.jpeg","s","","4","Atypical_Intact","You drop a brick on an orange.","orangeAN.jpeg","true",""
"","","","","","fixation","32188","html-keyboard-response","115","488139","0.0-7.0-3.19","null","<p style=""font-size: 48px;"">+</p>","null","","","","","","",""
"","","","","","fixation","32188","html-keyboard-response","116","489141","0.0-7.0-0.20","null","<p style=""font-size: 48px;"">+</p>","null","","","","","","",""
"","","","","","sentence","32188","html-keyboard-response","117","490215","0.0-7.0-1.20","1073","You drop a brick on a tomato."," ","","4","Atypical_Smashed","You drop a brick on a tomato.","tomatoAS.jpeg","",""
"","","","","","picture","32188","image-keyboard-response","118","491722","0.0-7.0-2.20","1503","tomatoAS.jpeg","s","","4","Atypical_Smashed","You drop a brick on a tomato.","tomatoAS.jpeg","true",""
"","","","","","fixation","32188","html-keyboard-response","119","492224","0.0-7.0-3.20","null","<p style=""font-size: 48px;"">+</p>","null","","","","","","",""
"","","","","","fixation","32188","html-keyboard-response","120","493226","0.0-7.0-0.21","null","<p style=""font-size: 48px;"">+</p>","null","","","","","","",""
"","","","","","sentence","32188","html-keyboard-response","121","494020","0.0-7.0-1.21","793","You drop a pencil on the shoe"," ","","4","filler","You drop a pencil on the shoe","perfume.jpg","",""
"","","","","","picture","32188","image-keyboard-response","122","495118","0.0-7.0-2.21","1092","perfume.jpg","n","","4","filler","You drop a pencil on the shoe","perfume.jpg","true",""
"","","","","","fixation","32188","html-keyboard-response","123","495621","0.0-7.0-3.21","null","<p style=""font-size: 48px;"">+</p>","null","","","","","","",""
"","","","","","fixation","32188","html-keyboard-response","124","496623","0.0-7.0-0.22","null","<p style=""font-size: 48px;"">+</p>","null","","","","","","",""
"","","","","","sentence","32188","html-keyboard-response","125","497242","0.0-7.0-1.22","618","You drop a brick on a cheeseburger."," ","","4","Typical_Smashed","You drop a brick on a cheeseburger.","burgerS.jpg","",""
"","","","","","picture","32188","image-keyboard-response","126","498349","0.0-7.0-2.22","974","burgerS.jpg","s","","4","Typical_Smashed","You drop a brick on a cheeseburger.","burgerS.jpg","true",""
"","","","","","fixation","32188","html-keyboard-response","127","498851","0.0-7.0-3.22","null","<p style=""font-size: 48px;"">+</p>","null","","","","","","",""
"","","","","","fixation","32188","html-keyboard-response","128","499853","0.0-7.0-0.23","null","<p style=""font-size: 48px;"">+</p>","null","","","","","","",""
"","","","","","sentence","32188","html-keyboard-response","129","500485","0.0-7.0-1.23","632","You drop a brick on a cake."," ","","4","Atypical_Intact","You drop a brick on a cake.","cakeAN.jpeg","",""
"","","","","","picture","32188","image-keyboard-response","130","501700","0.0-7.0-2.23","1210","cakeAN.jpeg","s","","4","Atypical_Intact","You drop a brick on a cake.","cakeAN.jpeg","true",""
"","","","","","fixation","32188","html-keyboard-response","131","502202","0.0-7.0-3.23","null","<p style=""font-size: 48px;"">+</p>","null","","","","","","",""
"","","","","","fixation","32188","html-keyboard-response","132","503205","0.0-7.0-0.24","null","<p style=""font-size: 48px;"">+</p>","null","","","","","","",""
"","","","","","sentence","32188","html-keyboard-response","133","504023","0.0-7.0-1.24","818","You see how a zebra is playing with a horse"," ","","4","filler","You see how a zebra is playing with a horse","watch.jpg","",""
"","","","","","picture","32188","image-keyboard-response","134","504885","0.0-7.0-2.24","857","watch.jpg","n","","4","filler","You see how a zebra is playing with a horse","watch.jpg","true",""
"","","","","","fixation","32188","html-keyboard-response","135","505387","0.0-7.0-3.24","null","<p style=""font-size: 48px;"">+</p>","null","","","","","","",""
"","","","","","fixation","32188","html-keyboard-response","136","506389","0.0-7.0-0.25","null","<p style=""font-size: 48px;"">+</p>","null","","","","","","",""
"","","","","","sentence","32188","html-keyboard-response","137","508944","0.0-7.0-1.25","2554","You see how a parrot is flying in the rainforest"," ","","4","filler","You see how a parrot is flying in the rainforest","shirt1.jpg","",""
"","","","","","picture","32188","image-keyboard-response","138","509712","0.0-7.0-2.25","762","shirt1.jpg","n","","4","filler","You see how a parrot is flying in the rainforest","shirt1.jpg","true",""
"","","","","","fixation","32188","html-keyboard-response","139","510214","0.0-7.0-3.25","null","<p style=""font-size: 48px;"">+</p>","null","","","","","","",""
"","","","","","fixation","32188","html-keyboard-response","140","511215","0.0-7.0-0.26","null","<p style=""font-size: 48px;"">+</p>","null","","","","","","",""
"","","","","","sentence","32188","html-keyboard-response","141","511240","0.0-7.0-1.26","24","You drop a brick on a potato chip."," ","","4","Atypical_Intact","You drop a brick on a potato chip.","chipAN.JPG","",""
"","","","","","picture","32188","image-keyboard-response","142","515787","0.0-7.0-2.26","4542","chipAN.JPG","s","","4","Atypical_Intact","You drop a brick on a potato chip.","chipAN.JPG","true",""
"","","","","","fixation","32188","html-keyboard-response","143","516291","0.0-7.0-3.26","null","<p style=""font-size: 48px;"">+</p>","null","","","","","","",""
"","","","","","fixation","32188","html-keyboard-response","144","517293","0.0-7.0-0.27","null","<p style=""font-size: 48px;"">+</p>","null","","","","","","",""
"","","","","","sentence","32188","html-keyboard-response","145","518151","0.0-7.0-1.27","856","You see how a panda is resting on a tree"," ","","4","filler","You see how a panda is resting on a tree","dollar.jpg","",""
"","","","","","picture","32188","image-keyboard-response","146","519269","0.0-7.0-2.27","1111","dollar.jpg","n","","4","filler","You see how a panda is resting on a tree","dollar.jpg","true",""
"","","","","","fixation","32188","html-keyboard-response","147","519772","0.0-7.0-3.27","null","<p style=""font-size: 48px;"">+</p>","null","","","","","","",""
"","","","","","fixation","32188","html-keyboard-response","148","520774","0.0-7.0-0.28","null","<p style=""font-size: 48px;"">+</p>","null","","","","","","",""
"","","","","","sentence","32188","html-keyboard-response","149","521509","0.0-7.0-1.28","735","You drop a brick on a donut."," ","","4","Typical_Intact","You drop a brick on a donut.","donutN.jpg","",""
"","","","","","picture","32188","image-keyboard-response","150","522516","0.0-7.0-2.28","1002","donutN.jpg","s","","4","Typical_Intact","You drop a brick on a donut.","donutN.jpg","true",""
"","","","","","fixation","32188","html-keyboard-response","151","523018","0.0-7.0-3.28","null","<p style=""font-size: 48px;"">+</p>","null","","","","","","",""
"","","","","","fixation","32188","html-keyboard-response","152","524019","0.0-7.0-0.29","null","<p style=""font-size: 48px;"">+</p>","null","","","","","","",""
"","","","","","sentence","32188","html-keyboard-response","153","526343","0.0-7.0-1.29","2324","You drop a brick on a strawberry."," ","","4","Atypical_Smashed","You drop a brick on a strawberry.","strawberryAS.jpeg","",""
"","","","","","picture","32188","image-keyboard-response","154","528069","0.0-7.0-2.29","1722","strawberryAS.jpeg","s","","4","Atypical_Smashed","You drop a brick on a strawberry.","strawberryAS.jpeg","true",""
"","","","","","fixation","32188","html-keyboard-response","155","528571","0.0-7.0-3.29","null","<p style=""font-size: 48px;"">+</p>","null","","","","","","",""
"","","","","","fixation","32188","html-keyboard-response","156","529573","0.0-7.0-0.30","null","<p style=""font-size: 48px;"">+</p>","null","","","","","","",""
"","","","","","sentence","32188","html-keyboard-response","157","533633","0.0-7.0-1.30","4059","You see how an owl is sitting on the branch"," ","","4","filler","You see how an owl is sitting on the branch","rubberduck.jpg","",""
"","","","","","picture","32188","image-keyboard-response","158","534372","0.0-7.0-2.30","735","rubberduck.jpg","n","","4","filler","You see how an owl is sitting on the branch","rubberduck.jpg","true",""
"","","","","","fixation","32188","html-keyboard-response","159","534875","0.0-7.0-3.30","null","<p style=""font-size: 48px;"">+</p>","null","","","","","","",""
"","","","","","fixation","32188","html-keyboard-response","160","535876","0.0-7.0-0.31","null","<p style=""font-size: 48px;"">+</p>","null","","","","","","",""
"","","","","","sentence","32188","html-keyboard-response","161","537775","0.0-7.0-1.31","1898","You see how a photographer is taking a photo of a lion"," ","","4","filler","You see how a photographer is taking a photo of a lion","lion.jpg","",""
"","","","","","picture","32188","image-keyboard-response","162","538686","0.0-7.0-2.31","906","lion.jpg","s","","4","filler","You see how a photographer is taking a photo of a lion","lion.jpg","true",""
"","","","","","fixation","32188","html-keyboard-response","163","539187","0.0-7.0-3.31","null","<p style=""font-size: 48px;"">+</p>","null","","","","","","",""
"","","","","","fixation","32188","html-keyboard-response","164","540189","0.0-7.0-0.32","null","<p style=""font-size: 48px;"">+</p>","null","","","","","","",""
"","","","","","sentence","32188","html-keyboard-response","165","541246","0.0-7.0-1.32","1056","You see how a man is playing with a cat"," ","","4","filler","You see how a man is playing with a cat","ceramicplate.jpg","",""
"","","","","","picture","32188","image-keyboard-response","166","542283","0.0-7.0-2.32","1031","ceramicplate.jpg","n","","4","filler","You see how a man is playing with a cat","ceramicplate.jpg","true",""
"","","","","","fixation","32188","html-keyboard-response","167","542784","0.0-7.0-3.32","null","<p style=""font-size: 48px;"">+</p>","null","","","","","","",""
"","","","","","fixation","32188","html-keyboard-response","168","543786","0.0-7.0-0.33","null","<p style=""font-size: 48px;"">+</p>","null","","","","","","",""
"","","","","","sentence","32188","html-keyboard-response","169","544511","0.0-7.0-1.33","725","You see how a man is shaving his beard"," ","","4","filler","You see how a man is shaving his beard","clock.jpg","",""
"","","","","","picture","32188","image-keyboard-response","170","545198","0.0-7.0-2.33","683","clock.jpg","n","","4","filler","You see how a man is shaving his beard","clock.jpg","true",""
"","","","","","fixation","32188","html-keyboard-response","171","545699","0.0-7.0-3.33","null","<p style=""font-size: 48px;"">+</p>","null","","","","","","",""
"","","","","","fixation","32188","html-keyboard-response","172","546701","0.0-7.0-0.34","null","<p style=""font-size: 48px;"">+</p>","null","","","","","","",""
"","","","","","sentence","32188","html-keyboard-response","173","547510","0.0-7.0-1.34","808","You see how an elephant is wearing a skirt"," ","","4","filler","You see how an elephant is wearing a skirt","skirt.jpg","",""
"","","","","","picture","32188","image-keyboard-response","174","548403","0.0-7.0-2.34","884","skirt.jpg","s","","4","filler","You see how an elephant is wearing a skirt","skirt.jpg","true",""
"","","","","","fixation","32188","html-keyboard-response","175","548904","0.0-7.0-3.34","null","<p style=""font-size: 48px;"">+</p>","null","","","","","","",""
"","","","","","fixation","32188","html-keyboard-response","176","549907","0.0-7.0-0.35","null","<p style=""font-size: 48px;"">+</p>","null","","","","","","",""
"","","","","","sentence","32188","html-keyboard-response","177","550709","0.0-7.0-1.35","801","You see how a student is writing on a board"," ","","4","filler","You see how a student is writing on a board","owl.jpg","",""
"","","","","","picture","32188","image-keyboard-response","178","552231","0.0-7.0-2.35","1518","owl.jpg","n","","4","filler","You see how a student is writing on a board","owl.jpg","true",""
"","","","","","fixation","32188","html-keyboard-response","179","552734","0.0-7.0-3.35","null","<p style=""font-size: 48px;"">+</p>","null","","","","","","",""
"","","","","","fixation","32188","html-keyboard-response","180","553736","0.0-7.0-0.36","null","<p style=""font-size: 48px;"">+</p>","null","","","","","","",""
"","","","","","sentence","32188","html-keyboard-response","181","554584","0.0-7.0-1.36","847","You see how a donkey is drinking water."," ","","4","filler","You see how a donkey is drinking water.","couch.jpg","",""
"","","","","","picture","32188","image-keyboard-response","182","555647","0.0-7.0-2.36","1059","couch.jpg","n","","4","filler","You see how a donkey is drinking water.","couch.jpg","true",""
"","","","","","fixation","32188","html-keyboard-response","183","556149","0.0-7.0-3.36","null","<p style=""font-size: 48px;"">+</p>","null","","","","","","",""
"","","","","","fixation","32188","html-keyboard-response","184","557150","0.0-7.0-0.37","null","<p style=""font-size: 48px;"">+</p>","null","","","","","","",""
"","","","","","sentence","32188","html-keyboard-response","185","557282","0.0-7.0-1.37","131","You drop a brick on a egg."," ","","4","Atypical_Smashed","You drop a brick on a egg.","eggAS.jpeg","",""
"","","","","","picture","32188","image-keyboard-response","186","558271","0.0-7.0-2.37","984","eggAS.jpeg","s","","4","Atypical_Smashed","You drop a brick on a egg.","eggAS.jpeg","true",""
"","","","","","fixation","32188","html-keyboard-response","187","558773","0.0-7.0-3.37","null","<p style=""font-size: 48px;"">+</p>","null","","","","","","",""
"","","","","","fixation","32188","html-keyboard-response","188","559775","0.0-7.0-0.38","null","<p style=""font-size: 48px;"">+</p>","null","","","","","","",""
"","","","","","sentence","32188","html-keyboard-response","189","560874","0.0-7.0-1.38","1098","You drop a toothbrush on the sponge"," ","","4","filler","You drop a toothbrush on the sponge","sponge.jpg","",""
"","","","","","picture","32188","image-keyboard-response","190","562996","0.0-7.0-2.38","2118","sponge.jpg","s","","4","filler","You drop a toothbrush on the sponge","sponge.jpg","true",""
"","","","","","fixation","32188","html-keyboard-response","191","563497","0.0-7.0-3.38","null","<p style=""font-size: 48px;"">+</p>","null","","","","","","",""
"","","","","","fixation","32188","html-keyboard-response","192","564499","0.0-7.0-0.39","null","<p style=""font-size: 48px;"">+</p>","null","","","","","","",""
"","","","","","sentence","32188","html-keyboard-response","193","565338","0.0-7.0-1.39","839","You drop a brick on a pomegranate."," ","","4","Typical_Smashed","You drop a brick on a pomegranate.","pomegranateS.jpg","",""
"","","","","","picture","32188","image-keyboard-response","194","566326","0.0-7.0-2.39","978","pomegranateS.jpg","s","","4","Typical_Smashed","You drop a brick on a pomegranate.","pomegranateS.jpg","true",""
"","","","","","fixation","32188","html-keyboard-response","195","566827","0.0-7.0-3.39","null","<p style=""font-size: 48px;"">+</p>","null","","","","","","",""
"","","","","","fixation","32188","html-keyboard-response","196","567829","0.0-7.0-0.40","null","<p style=""font-size: 48px;"">+</p>","null","","","","","","",""
"","","","","","sentence","32188","html-keyboard-response","197","568980","0.0-7.0-1.40","1150","You see how a giraffe is playing with a zebra"," ","","4","filler","You see how a giraffe is playing with a zebra","wallet.jpg","",""
"","","","","","picture","32188","image-keyboard-response","198","570047","0.0-7.0-2.40","1064","wallet.jpg","n","","4","filler","You see how a giraffe is playing with a zebra","wallet.jpg","true",""
"","","","","","fixation","32188","html-keyboard-response","199","570549","0.0-7.0-3.40","null","<p style=""font-size: 48px;"">+</p>","null","","","","","","",""
"","","","","","fixation","32188","html-keyboard-response","200","571551","0.0-7.0-0.41","null","<p style=""font-size: 48px;"">+</p>","null","","","","","","",""
"","","","","","sentence","32188","html-keyboard-response","201","572527","0.0-7.0-1.41","976","You drop a ring on the newspaper"," ","","4","filler","You drop a ring on the newspaper","cat.jpg","",""
"","","","","","picture","32188","image-keyboard-response","202","573373","0.0-7.0-2.41","841","cat.jpg","n","","4","filler","You drop a ring on the newspaper","cat.jpg","true",""
"","","","","","fixation","32188","html-keyboard-response","203","573875","0.0-7.0-3.41","null","<p style=""font-size: 48px;"">+</p>","null","","","","","","",""
"","","","","","fixation","32188","html-keyboard-response","204","574877","0.0-7.0-0.42","null","<p style=""font-size: 48px;"">+</p>","null","","","","","","",""
"","","","","","sentence","32188","html-keyboard-response","205","577264","0.0-7.0-1.42","2386","You drop a brick on a tortilla."," ","","4","Atypical_Intact","You drop a brick on a tortilla.","tortillaAN.jpeg","",""
"","","","","","picture","32188","image-keyboard-response","206","578522","0.0-7.0-2.42","1255","tortillaAN.jpeg","n","","4","Atypical_Intact","You drop a brick on a tortilla.","tortillaAN.jpeg","false",""
"","","","","","fixation","32188","html-keyboard-response","207","579025","0.0-7.0-3.42","null","<p style=""font-size: 48px;"">+</p>","null","","","","","","",""
"","","","","","fixation","32188","html-keyboard-response","208","580027","0.0-7.0-0.43","null","<p style=""font-size: 48px;"">+</p>","null","","","","","","",""
"","","","","","sentence","32188","html-keyboard-response","209","581176","0.0-7.0-1.43","1148","You see how an actress is taking a microphone"," ","","4","filler","You see how an actress is taking a microphone","pants.jpg","",""
"","","","","","picture","32188","image-keyboard-response","210","582244","0.0-7.0-2.43","1065","pants.jpg","n","","4","filler","You see how an actress is taking a microphone","pants.jpg","true",""
"","","","","","fixation","32188","html-keyboard-response","211","582747","0.0-7.0-3.43","null","<p style=""font-size: 48px;"">+</p>","null","","","","","","",""
"","","","","","fixation","32188","html-keyboard-response","212","583749","0.0-7.0-0.44","null","<p style=""font-size: 48px;"">+</p>","null","","","","","","",""
"","","","","","sentence","32188","html-keyboard-response","213","584439","0.0-7.0-1.44","690","You drop a thermometer on the box"," ","","4","filler","You drop a thermometer on the box","button.jpg","",""
"","","","","","picture","32188","image-keyboard-response","214","588654","0.0-7.0-2.44","4211","button.jpg","n","","4","filler","You drop a thermometer on the box","button.jpg","true",""
"","","","","","fixation","32188","html-keyboard-response","215","589155","0.0-7.0-3.44","null","<p style=""font-size: 48px;"">+</p>","null","","","","","","",""
"","","","","","fixation","32188","html-keyboard-response","216","590157","0.0-7.0-0.45","null","<p style=""font-size: 48px;"">+</p>","null","","","","","","",""
"","","","","","sentence","32188","html-keyboard-response","217","591095","0.0-7.0-1.45","937","You drop a brick on a sushi."," ","","4","Atypical_Smashed","You drop a brick on a sushi.","sushiAS.jpeg","",""
"","","","","","picture","32188","image-keyboard-response","218","592651","0.0-7.0-2.45","1550","sushiAS.jpeg","s","","4","Atypical_Smashed","You drop a brick on a sushi.","sushiAS.jpeg","true",""
"","","","","","fixation","32188","html-keyboard-response","219","593153","0.0-7.0-3.45","null","<p style=""font-size: 48px;"">+</p>","null","","","","","","",""
"","","","","","fixation","32188","html-keyboard-response","220","594155","0.0-7.0-0.46","null","<p style=""font-size: 48px;"">+</p>","null","","","","","","",""
"","","","","","sentence","32188","html-keyboard-response","221","595370","0.0-7.0-1.46","1214","You see how a nurse is taking a syringe"," ","","4","filler","You see how a nurse is taking a syringe","headphones.jpg","",""
"","","","","","picture","32188","image-keyboard-response","222","596318","0.0-7.0-2.46","944","headphones.jpg","n","","4","filler","You see how a nurse is taking a syringe","headphones.jpg","true",""
"","","","","","fixation","32188","html-keyboard-response","223","596820","0.0-7.0-3.46","null","<p style=""font-size: 48px;"">+</p>","null","","","","","","",""
"","","","","","fixation","32188","html-keyboard-response","224","597822","0.0-7.0-0.47","null","<p style=""font-size: 48px;"">+</p>","null","","","","","","",""
"","","","","","sentence","32188","html-keyboard-response","225","599541","0.0-7.0-1.47","1718","You see how a butterfly is sitting on a flower"," ","","4","filler","You see how a butterfly is sitting on a flower","soap.jpg","",""
"","","","","","picture","32188","image-keyboard-response","226","600334","0.0-7.0-2.47","790","soap.jpg","n","","4","filler","You see how a butterfly is sitting on a flower","soap.jpg","true",""
"","","","","","fixation","32188","html-keyboard-response","227","600835","0.0-7.0-3.47","null","<p style=""font-size: 48px;"">+</p>","null","","","","","","",""
"","","","","","fixation","32188","html-keyboard-response","228","601837","0.0-7.0-0.48","null","<p style=""font-size: 48px;"">+</p>","null","","","","","","",""
"","","","","","sentence","32188","html-keyboard-response","229","602554","0.0-7.0-1.48","716","You drop a brick on a watermelon."," ","","4","Typical_Smashed","You drop a brick on a watermelon.","watermelonS.jpg","",""
"","","","","","picture","32188","image-keyboard-response","230","603455","0.0-7.0-2.48","894","watermelonS.jpg","s","","4","Typical_Smashed","You drop a brick on a watermelon.","watermelonS.jpg","true",""
"","","","","","fixation","32188","html-keyboard-response","231","603957","0.0-7.0-3.48","null","<p style=""font-size: 48px;"">+</p>","null","","","","","","",""
"","","","","","fixation","32188","html-keyboard-response","232","604958","0.0-7.0-0.49","null","<p style=""font-size: 48px;"">+</p>","null","","","","","","",""
"","","","","","sentence","32188","html-keyboard-response","233","606069","0.0-7.0-1.49","1111","You drop a brick on a pumpkin."," ","","4","Atypical_Intact","You drop a brick on a pumpkin.","pumpkinAN.jpeg","",""
"","","","","","picture","32188","image-keyboard-response","234","610377","0.0-7.0-2.49","4179","pumpkinAN.jpeg","s","","4","Atypical_Intact","You drop a brick on a pumpkin.","pumpkinAN.jpeg","true",""
"","","","","","fixation","32188","html-keyboard-response","235","610879","0.0-7.0-3.49","null","<p style=""font-size: 48px;"">+</p>","null","","","","","","",""
"","","","","","fixation","32188","html-keyboard-response","236","611881","0.0-7.0-0.50","null","<p style=""font-size: 48px;"">+</p>","null","","","","","","",""
"","","","","","sentence","32188","html-keyboard-response","237","613033","0.0-7.0-1.50","1152","You see how an astronaut is putting on a space suit"," ","","4","filler","You see how an astronaut is putting on a space suit","spacesuit.jpg","",""
"","","","","","picture","32188","image-keyboard-response","238","614069","0.0-7.0-2.50","1031","spacesuit.jpg","s","","4","filler","You see how an astronaut is putting on a space suit","spacesuit.jpg","true",""
"","","","","","fixation","32188","html-keyboard-response","239","614570","0.0-7.0-3.50","null","<p style=""font-size: 48px;"">+</p>","null","","","","","","",""
"","","","","","fixation","32188","html-keyboard-response","240","615572","0.0-7.0-0.51","null","<p style=""font-size: 48px;"">+</p>","null","","","","","","",""
"","","","","","sentence","32188","html-keyboard-response","241","616722","0.0-7.0-1.51","1150","You drop a brick on a mango."," ","","4","Atypical_Intact","You drop a brick on a mango.","mangoAN.jpeg","",""
"","","","","","picture","32188","image-keyboard-response","242","617719","0.0-7.0-2.51","992","mangoAN.jpeg","s","","4","Atypical_Intact","You drop a brick on a mango.","mangoAN.jpeg","true",""
"","","","","","fixation","32188","html-keyboard-response","243","618221","0.0-7.0-3.51","null","<p style=""font-size: 48px;"">+</p>","null","","","","","","",""
"","","","","","fixation","32188","html-keyboard-response","244","619222","0.0-7.0-0.52","null","<p style=""font-size: 48px;"">+</p>","null","","","","","","",""
"","","","","","sentence","32188","html-keyboard-response","245","620111","0.0-7.0-1.52","888","You drop a brick on a blueberry."," ","","4","Typical_Intact","You drop a brick on a blueberry.","blackberryN.jpg","",""
"","","","","","picture","32188","image-keyboard-response","246","623573","0.0-7.0-2.52","3457","blackberryN.jpg","n","","4","Typical_Intact","You drop a brick on a blueberry.","blackberryN.jpg","false",""
"","","","","","fixation","32188","html-keyboard-response","247","624075","0.0-7.0-3.52","null","<p style=""font-size: 48px;"">+</p>","null","","","","","","",""
"","","","","","fixation","32188","html-keyboard-response","248","625076","0.0-7.0-0.53","null","<p style=""font-size: 48px;"">+</p>","null","","","","","","",""
"","","","","","sentence","32188","html-keyboard-response","249","627879","0.0-7.0-1.53","2803","You drop a brick on an apple."," ","","4","Typical_Smashed","You drop a brick on an apple.","appleS.jpg","",""
"","","","","","picture","32188","image-keyboard-response","250","628762","0.0-7.0-2.53","880","appleS.jpg","s","","4","Typical_Smashed","You drop a brick on an apple.","appleS.jpg","true",""
"","","","","","fixation","32188","html-keyboard-response","251","629265","0.0-7.0-3.53","null","<p style=""font-size: 48px;"">+</p>","null","","","","","","",""
"","","","","","fixation","32188","html-keyboard-response","252","630267","0.0-7.0-0.54","null","<p style=""font-size: 48px;"">+</p>","null","","","","","","",""
"","","","","","sentence","32188","html-keyboard-response","253","630837","0.0-7.0-1.54","570","You drop a brick on a raspberry."," ","","4","Typical_Smashed","You drop a brick on a raspberry.","raspberryS.jpg","",""
"","","","","","picture","32188","image-keyboard-response","254","631775","0.0-7.0-2.54","931","raspberryS.jpg","s","","4","Typical_Smashed","You drop a brick on a raspberry.","raspberryS.jpg","true",""
"","","","","","fixation","32188","html-keyboard-response","255","632276","0.0-7.0-3.54","null","<p style=""font-size: 48px;"">+</p>","null","","","","","","",""
"","","","","","fixation","32188","html-keyboard-response","256","633278","0.0-7.0-0.55","null","<p style=""font-size: 48px;"">+</p>","null","","","","","","",""
"","","","","","sentence","32188","html-keyboard-response","257","636423","0.0-7.0-1.55","3145","You see how a boy is playing with a toy tractor"," ","","4","filler","You see how a boy is playing with a toy tractor","tractor.jpg","",""
"","","","","","picture","32188","image-keyboard-response","258","637356","0.0-7.0-2.55","928","tractor.jpg","s","","4","filler","You see how a boy is playing with a toy tractor","tractor.jpg","true",""
"","","","","","fixation","32188","html-keyboard-response","259","637857","0.0-7.0-3.55","null","<p style=""font-size: 48px;"">+</p>","null","","","","","","",""
"","","","","","fixation","32188","html-keyboard-response","260","638859","0.0-7.0-0.56","null","<p style=""font-size: 48px;"">+</p>","null","","","","","","",""
"","","","","","sentence","32188","html-keyboard-response","261","639834","0.0-7.0-1.56","974","You drop a towel on the TV"," ","","4","filler","You drop a towel on the TV","pencil.jpg","",""
"","","","","","picture","32188","image-keyboard-response","262","640786","0.0-7.0-2.56","948","pencil.jpg","n","","4","filler","You drop a towel on the TV","pencil.jpg","true",""
"","","","","","fixation","32188","html-keyboard-response","263","641288","0.0-7.0-3.56","null","<p style=""font-size: 48px;"">+</p>","null","","","","","","",""
"","","","","","fixation","32188","html-keyboard-response","264","642290","0.0-7.0-0.57","null","<p style=""font-size: 48px;"">+</p>","null","","","","","","",""
"","","","","","sentence","32188","html-keyboard-response","265","643230","0.0-7.0-1.57","939","You drop a remote on the rug"," ","","4","filler","You drop a remote on the rug","CD.jpg","",""
"","","","","","picture","32188","image-keyboard-response","266","644124","0.0-7.0-2.57","890","CD.jpg","n","","4","filler","You drop a remote on the rug","CD.jpg","true",""
"","","","","","fixation","32188","html-keyboard-response","267","644626","0.0-7.0-3.57","null","<p style=""font-size: 48px;"">+</p>","null","","","","","","",""
"","","","","","fixation","32188","html-keyboard-response","268","645627","0.0-7.0-0.58","null","<p style=""font-size: 48px;"">+</p>","null","","","","","","",""
"","","","","","sentence","32188","html-keyboard-response","269","647268","0.0-7.0-1.58","1640","You see how a woman is paying with a debit card"," ","","4","filler","You see how a woman is paying with a debit card","vase.jpg","",""
"","","","","","picture","32188","image-keyboard-response","270","648256","0.0-7.0-2.58","984","vase.jpg","n","","4","filler","You see how a woman is paying with a debit card","vase.jpg","true",""
"","","","","","fixation","32188","html-keyboard-response","271","648758","0.0-7.0-3.58","null","<p style=""font-size: 48px;"">+</p>","null","","","","","","",""
"","","","","","fixation","32188","html-keyboard-response","272","649759","0.0-7.0-0.59","null","<p style=""font-size: 48px;"">+</p>","null","","","","","","",""
"","","","","","sentence","32188","html-keyboard-response","273","650940","0.0-7.0-1.59","1180","You see how a hairdresser is taking scissors"," ","","4","filler","You see how a hairdresser is taking scissors","sock.jpg","",""
"","","","","","picture","32188","image-keyboard-response","274","651972","0.0-7.0-2.59","1025","sock.jpg","n","","4","filler","You see how a hairdresser is taking scissors","sock.jpg","true",""
"","","","","","fixation","32188","html-keyboard-response","275","652473","0.0-7.0-3.59","null","<p style=""font-size: 48px;"">+</p>","null","","","","","","",""
"","","","","","fixation","32188","html-keyboard-response","276","653475","0.0-7.0-0.60","null","<p style=""font-size: 48px;"">+</p>","null","","","","","","",""
"","","","","","sentence","32188","html-keyboard-response","277","654292","0.0-7.0-1.60","817","You see how a dentist is drinking a can of cola"," ","","4","filler","You see how a dentist is drinking a can of cola","doll.jpg","",""
"","","","","","picture","32188","image-keyboard-response","278","654943","0.0-7.0-2.60","645","doll.jpg","n","","4","filler","You see how a dentist is drinking a can of cola","doll.jpg","true",""
"","","","","","fixation","32188","html-keyboard-response","279","655444","0.0-7.0-3.60","null","<p style=""font-size: 48px;"">+</p>","null","","","","","","",""
"","","","","","fixation","32188","html-keyboard-response","280","656446","0.0-7.0-0.61","null","<p style=""font-size: 48px;"">+</p>","null","","","","","","",""
"","","","","","sentence","32188","html-keyboard-response","281","657080","0.0-7.0-1.61","633","You see how an old man is hammering a nail"," ","","4","filler","You see how an old man is hammering a nail","nail.jpg","",""
"","","","","","picture","32188","image-keyboard-response","282","657962","0.0-7.0-2.61","877","nail.jpg","s","","4","filler","You see how an old man is hammering a nail","nail.jpg","true",""
"","","","","","fixation","32188","html-keyboard-response","283","658464","0.0-7.0-3.61","null","<p style=""font-size: 48px;"">+</p>","null","","","","","","",""
"","","","","","fixation","32188","html-keyboard-response","284","659465","0.0-7.0-0.62","null","<p style=""font-size: 48px;"">+</p>","null","","","","","","",""
"","","","","","sentence","32188","html-keyboard-response","285","663311","0.0-7.0-1.62","3845","You drop a watch on the laptop"," ","","4","filler","You drop a watch on the laptop","bow.jpg","",""
"","","","","","picture","32188","image-keyboard-response","286","667024","0.0-7.0-2.62","3709","bow.jpg","s","","4","filler","You drop a watch on the laptop","bow.jpg","false",""
"","","","","","fixation","32188","html-keyboard-response","287","667526","0.0-7.0-3.62","null","<p style=""font-size: 48px;"">+</p>","null","","","","","","",""
"","","","","","fixation","32188","html-keyboard-response","288","668529","0.0-7.0-0.63","null","<p style=""font-size: 48px;"">+</p>","null","","","","","","",""
"","","","","","sentence","32188","html-keyboard-response","289","670871","0.0-7.0-1.63","2342","You see how a puppy is playing with a ball"," ","","4","filler","You see how a puppy is playing with a ball","tennisball.jpg","",""
"","","","","","picture","32188","image-keyboard-response","290","674872","0.0-7.0-2.63","3998","tennisball.jpg","s","","4","filler","You see how a puppy is playing with a ball","tennisball.jpg","true",""
"","","","","","fixation","32188","html-keyboard-response","291","675374","0.0-7.0-3.63","null","<p style=""font-size: 48px;"">+</p>","null","","","","","","",""
"","","","","","fixation","32188","html-keyboard-response","292","676376","0.0-7.0-0.64","null","<p style=""font-size: 48px;"">+</p>","null","","","","","","",""
"","","","","","sentence","32188","html-keyboard-response","293","677240","0.0-7.0-1.64","862","You drop a fork on the plate"," ","","4","filler","You drop a fork on the plate","plate.jpg","",""
"","","","","","picture","32188","image-keyboard-response","294","678167","0.0-7.0-2.64","922","plate.jpg","s","","4","filler","You drop a fork on the plate","plate.jpg","true",""
"","","","","","fixation","32188","html-keyboard-response","295","678669","0.0-7.0-3.64","null","<p style=""font-size: 48px;"">+</p>","null","","","","","","",""
"","","","","","fixation","32188","html-keyboard-response","296","679672","0.0-7.0-0.65","null","<p style=""font-size: 48px;"">+</p>","null","","","","","","",""
"","","","","","sentence","32188","html-keyboard-response","297","680373","0.0-7.0-1.65","701","You see how a man is boiling potatoes."," ","","4","filler","You see how a man is boiling potatoes.","cup.jpg","",""
"","","","","","picture","32188","image-keyboard-response","298","681190","0.0-7.0-2.65","812","cup.jpg","n","","4","filler","You see how a man is boiling potatoes.","cup.jpg","true",""
"","","","","","fixation","32188","html-keyboard-response","299","681692","0.0-7.0-3.65","null","<p style=""font-size: 48px;"">+</p>","null","","","","","","",""
"","","","","","fixation","32188","html-keyboard-response","300","682693","0.0-7.0-0.66","null","<p style=""font-size: 48px;"">+</p>","null","","","","","","",""
"","","","","","sentence","32188","html-keyboard-response","301","686919","0.0-7.0-1.66","4226","You drop a needle on the mouse pad"," ","","4","filler","You drop a needle on the mouse pad","hairbrush.jpg","",""
"","","","","","picture","32188","image-keyboard-response","302","687656","0.0-7.0-2.66","728","hairbrush.jpg","n","","4","filler","You drop a needle on the mouse pad","hairbrush.jpg","true",""
"","","","","","fixation","32188","html-keyboard-response","303","688158","0.0-7.0-3.66","null","<p style=""font-size: 48px;"">+</p>","null","","","","","","",""
"","","","","","fixation","32188","html-keyboard-response","304","689160","0.0-7.0-0.67","null","<p style=""font-size: 48px;"">+</p>","null","","","","","","",""
"","","","","","sentence","32188","html-keyboard-response","305","690211","0.0-7.0-1.67","1046","You drop a brick on a banana."," ","","4","Typical_Intact","You drop a brick on a banana.","bananaN.jpeg","",""
"","","","","","picture","32188","image-keyboard-response","306","691438","0.0-7.0-2.67","1104","bananaN.jpeg","s","","4","Typical_Intact","You drop a brick on a banana.","bananaN.jpeg","true",""
"","","","","","fixation","32188","html-keyboard-response","307","691940","0.0-7.0-3.67","null","<p style=""font-size: 48px;"">+</p>","null","","","","","","",""
"","","","","","fixation","32188","html-keyboard-response","308","692942","0.0-7.0-0.68","null","<p style=""font-size: 48px;"">+</p>","null","","","","","","",""
"","","","","","sentence","32188","html-keyboard-response","309","718438","0.0-7.0-1.68","25495","You see how a musician is playing a guitar"," ","","4","filler","You see how a musician is playing a guitar","guitar.jpg","",""
"","","","","","picture","32188","image-keyboard-response","310","719923","0.0-7.0-2.68","1480","guitar.jpg","s","","4","filler","You see how a musician is playing a guitar","guitar.jpg","true",""
"","","","","","fixation","32188","html-keyboard-response","311","720425","0.0-7.0-3.68","null","<p style=""font-size: 48px;"">+</p>","null","","","","","","",""
"","","","","","fixation","32188","html-keyboard-response","312","721428","0.0-7.0-0.69","null","<p style=""font-size: 48px;"">+</p>","null","","","","","","",""
"","","","","","sentence","32188","html-keyboard-response","313","722408","0.0-7.0-1.69","980","You drop a keyboard on the bed"," ","","4","filler","You drop a keyboard on the bed","bottlecap.jpg","",""
"","","","","","picture","32188","image-keyboard-response","314","723393","0.0-7.0-2.69","981","bottlecap.jpg","n","","4","filler","You drop a keyboard on the bed","bottlecap.jpg","true",""
"","","","","","fixation","32188","html-keyboard-response","315","723895","0.0-7.0-3.69","null","<p style=""font-size: 48px;"">+</p>","null","","","","","","",""
"","","","","","fixation","32188","html-keyboard-response","316","724897","0.0-7.0-0.70","null","<p style=""font-size: 48px;"">+</p>","null","","","","","","",""
"","","","","","sentence","32188","html-keyboard-response","317","725487","0.0-7.0-1.70","590","You drop a brick on a muffin."," ","","4","Atypical_Smashed","You drop a brick on a muffin.","muffinAS.jpeg","",""
"","","","","","picture","32188","image-keyboard-response","318","726488","0.0-7.0-2.70","996","muffinAS.jpeg","s","","4","Atypical_Smashed","You drop a brick on a muffin.","muffinAS.jpeg","true",""
"","","","","","fixation","32188","html-keyboard-response","319","726990","0.0-7.0-3.70","null","<p style=""font-size: 48px;"">+</p>","null","","","","","","",""
"","","","","","fixation","32188","html-keyboard-response","320","727993","0.0-7.0-0.71","null","<p style=""font-size: 48px;"">+</p>","null","","","","","","",""
"","","","","","sentence","32188","html-keyboard-response","321","728714","0.0-7.0-1.71","721","You see how a mouse is eating cheese"," ","","4","filler","You see how a mouse is eating cheese","ring.jpg","",""
"","","","","","picture","32188","image-keyboard-response","322","735702","0.0-7.0-2.71","6984","ring.jpg","s","","4","filler","You see how a mouse is eating cheese","ring.jpg","false",""
"","","","","","fixation","32188","html-keyboard-response","323","736204","0.0-7.0-3.71","null","<p style=""font-size: 48px;"">+</p>","null","","","","","","",""
"","","","","","demo","32188","html-button-response","324","741040","0.0-8.0","4834","
  <p style=""font-size:20px;""> You have completed the experiment portion! </p>
  <p style=""font-size:20px;""> Before you are done, we would like you to answer some basic demographic questions. </p>
  <p style=""font-size:20px;""> While some questions are required (*) to obtain some basic information about our recruitment sample <p>
  <p style=""font-size:20px;""> you can choose to skip other questions that you do not feel comfortable answering. </p>
  <p style=""font-size:20px;""> Click the button below to continue.</p>
  ","0","","","","","","",""
"","","","","","demo","32188","survey-text","325","756073","0.0-9.0-0.0","15025","","{""Age"":""20"",""Gender"":""female"",""Education"":""14""}","","","","","","",""
"","","","","","demo","32188","survey-multi-select","326","759228","0.0-9.0-1.0","3153","","{""Race"":[""Black/African American""]}","","","","","","","[0]"
"","","","","","demo","32188","survey-multi-choice","327","767004","0.0-9.0-2.0","7774","","{""Latino"":""No"",""DominantHand"":""Right"",""Alert"":""Afternoon""}","","","","","","","[0,1,2]"
"","","","","","english","32188","survey-multi-choice","328","768987","0.0-9.0-3.0","1982","","{""English"":""Yes""}","","","","","","","[0]"
"","","","","","demo","32188","survey-text","329","772435","0.0-9.0-5.0","3440","","{""Q0"":""""}","","","","","","",""
