Item,Language,Subtlex-Zipf
figure,English,5.111833578
cake,English,4.653791187
can,English,6.719948309
cracker,English,3.760422483
wine glass [glass],English,4.783260233
egg,English,4.41564098
eggflan [flan],English,3.227886705
blackberry,English,2.875061263
glasses,English,4.520090328
hat,English,4.807399713
ice cream,English,NA
iPad,English,NA
iphone,English,NA
lamp,English,4.109915863
mirror,English,4.383456297
muffin,English,3.764922985
donut,English,3.149219113
rice cracker [cracker],English,3.760422483
plate,English,4.409087369
strawberry,English,3.742725131
sushi,English,3.638489257
tile,English,3.326335861
tomato,English,3.770852012
paper cup [cup],English,4.713070326
boneco,Portuguese,4.0038
bolo ,Portuguese,4.5959
lata ,Portuguese,4.3724
bolacha ,Portuguese,3.5717
copo,Portuguese,4.7252
ovo,Portuguese,4.3162
pudim flan [pudim],Portuguese,3.7817
amora,Portuguese,3.1906
óculos,Portuguese,4.4646
chapéu ,Portuguese,4.6289
gelado de chocolate [gelado],Portuguese,4.431
iPAD,Portuguese,NA
iPhone,Portuguese,NA
lâmpada,Portuguese,3.9147
espelho,Portuguese,4.441
muffin de chocolate [muffin],Portuguese,NA
donut,Portuguese,3.5672
bolacha de arroz [bolacha],Portuguese,3.5717
prato de cerâmica [prato],Portuguese,4.3438
morango,Portuguese,3.6677
sushi,Portuguese,3.798
azulejo,Portuguese,2.8068
tomate,Portuguese,3.9234
copo de papel,Portuguese,4.7252
