"success","timeout","failed_images","failed_audio","failed_video","typeoftrial","subject","trial_type","trial_index","time_elapsed","internal_node_id","rt","stimulus","response","Experiment","List","trialcondition","sentence","object","correct","question_order"
"true","false","[]","[]","[]","preload","85166","preload","0","21721","0.0-0.0","","","","","","","","","",""
"","","","","","consent","","html-button-response","1","29548","0.0-1.0","7822","
  <p style=""font-size:20px;""> Welcome! Thank you for your interest in our study. </p>
  <p style=""font-size:20px;""> This study is being conducted by researchers at Bowdoin College.</p>
  <p style=""font-size:20px;""> In this experiment, you will be asked to make judgments about the content of different sentences.</p>
  <p style=""font-size:20px;""> The entire experiment should not last more than 30 minutes. You will be paid $3.00 USD for your participation. </p>
  <p style=""font-size:20px;""> Please click <a href = ""https://drive.google.com/file/d/1m56PqqGRMrcjHjT3BssO_IP3OhI6QUvY/view?usp=share_link"" target = ""_blank"">here</a> to read the full consent form. </p>
  <p style=""font-size:20px;""> If you agree to participate, please click the button below to continue to experiment instructions.</p>
  ","0","","","","","","",""
"","","","","","ID","85166","survey-text","2","35674","0.0-2.0","6100","","{""ID"":""5c6bbf8c1e17c60001e9da51""}","","","","","","",""
"","","","","","instructions","85166","html-button-response","3","56745","0.0-3.0","21064","
  <p style=""font-size:20px;""> In this experiment, you will be asked to make judgments about the content of different sentences.</p>
  <p style=""font-size:20px;""> On each trial, you will read a sentence, and will be shown a picture immediately following the sentence. </p>
  <p style=""font-size:20px;""> Your task is to decide whether the object displayed in the picture was mentioned in the sentence or not </p>
  <p style=""font-size:20px;""> and respond as quickly as possible by pressing <strong>S</strong> for yes or <strong>N</strong> for no. </p>
  <p style=""font-size:20px;""> You will now do a practice session with feedback and instructions. </p>
  <p style=""font-size:20px;""> Click the button below to continue.</p>
  ","0","","","","","","",""
"","","","","","instructions","85166","html-button-response","4","77935","0.0-4.0","21187","
  <p style=""font-size:20px;""> You are about to begin the practice test. </p>
  <p style=""font-size:20px;""> On each trial, a sentence will appear on the screen. You should press SPACEBAR when you have read and understood the sentence.</p>
  <p style=""font-size:20px;""> After you press SPACEBAR, a picture will appear on the screen. </p>
  <p style=""font-size:20px;""> You need to indicate whether or not the pictured object was mentioned in the sentence. </p>
  <p style=""font-size:20px;""> If the object WAS mentioned in the preceding sentence, you should press <strong>S</strong> </p>
  <p style=""font-size:20px;""> If the object was NOT mentioned in the preceding sentence, you should press <strong>N</strong>. </p>
  <p style=""font-size:20px;""> Click the button below to continue to the practice session.</p>
  ","0","","","","","","",""
"","","","","","fixation","85166","html-keyboard-response","5","78945","0.0-5.0-0.0","null","<p style=""font-size: 48px;"">+</p>","null","","","","","","",""
"","","","","","sentence","85166","html-keyboard-response","6","82394","0.0-5.0-1.0","3447","You drop a balloon on a taco."," ","","practice","Practice","You drop a balloon on a taco.","taco.jpg","",""
"","","","","","fixation","85166","html-keyboard-response","7","82910","0.0-5.0-2.0","null","<p style=""font-size: 48px;"">+</p>","null","","","","","","",""
"","","","","","picture","85166","image-keyboard-response","8","84925","0.0-5.0-3.0","1981","taco.jpg","s","","practice","Practice","You drop a balloon on a taco.","taco.jpg","true",""
"","","","","","","","html-keyboard-response","9","85941","0.0-5.0-4.0","null","<p style='font-size: 70px; color: green;'>Correct!</p>","null","","","","","","",""
"","","","","","fixation","85166","html-keyboard-response","10","86953","0.0-5.0-0.1","null","<p style=""font-size: 48px;"">+</p>","null","","","","","","",""
"","","","","","sentence","85166","html-keyboard-response","11","87048","0.0-5.0-1.1","93","You drop a brick on a a book."," ","","practice","Practice","You drop a brick on a a book.","computer.jpg","",""
"","","","","","fixation","85166","html-keyboard-response","12","87555","0.0-5.0-2.1","null","<p style=""font-size: 48px;"">+</p>","null","","","","","","",""
"","","","","","picture","85166","image-keyboard-response","13","90740","0.0-5.0-3.1","3180","computer.jpg","s","","practice","Practice","You drop a brick on a a book.","computer.jpg","false",""
"","","","","","","","html-keyboard-response","14","92173","0.0-5.0-4.1","1432","<p style='font-size: 70px;color: red;'>Wrong!</p> <p> Please pay attention. </p> <p>Remember, you should press <strong>S</strong> if the object in the picture was mentioned in the preceding sentence<br> and <strong>N</strong> if the object in the picture was not mentioned in the preceding sentence."," ","","","","","","",""
"","","","","","fixation","85166","html-keyboard-response","15","93184","0.0-5.0-0.2","null","<p style=""font-size: 48px;"">+</p>","null","","","","","","",""
"","","","","","sentence","85166","html-keyboard-response","16","96852","0.0-5.0-1.2","3666","You see how a doctor is carrying a basket."," ","","practice","Practice","You see how a doctor is carrying a basket.","shirt.jpg","",""
"","","","","","fixation","85166","html-keyboard-response","17","97360","0.0-5.0-2.2","null","<p style=""font-size: 48px;"">+</p>","null","","","","","","",""
"","","","","","picture","85166","image-keyboard-response","18","98730","0.0-5.0-3.2","1366","shirt.jpg","n","","practice","Practice","You see how a doctor is carrying a basket.","shirt.jpg","true",""
"","","","","","","","html-keyboard-response","19","99748","0.0-5.0-4.2","null","<p style='font-size: 70px; color: green;'>Correct!</p>","null","","","","","","",""
"","","","","","fixation","85166","html-keyboard-response","20","100759","0.0-5.0-0.3","null","<p style=""font-size: 48px;"">+</p>","null","","","","","","",""
"","","","","","sentence","85166","html-keyboard-response","21","103366","0.0-5.0-1.3","2605","You drop a bowling ball on a ceramic mug."," ","","practice","Practice","You drop a bowling ball on a ceramic mug.","mug.jpg","",""
"","","","","","fixation","85166","html-keyboard-response","22","103885","0.0-5.0-2.3","null","<p style=""font-size: 48px;"">+</p>","null","","","","","","",""
"","","","","","picture","85166","image-keyboard-response","23","105283","0.0-5.0-3.3","1394","mug.jpg","s","","practice","Practice","You drop a bowling ball on a ceramic mug.","mug.jpg","true",""
"","","","","","","","html-keyboard-response","24","106301","0.0-5.0-4.3","null","<p style='font-size: 70px; color: green;'>Correct!</p>","null","","","","","","",""
"","","","","","fixation","85166","html-keyboard-response","25","107304","0.0-5.0-0.4","null","<p style=""font-size: 48px;"">+</p>","null","","","","","","",""
"","","","","","sentence","85166","html-keyboard-response","26","111072","0.0-5.0-1.4","3765","You see how a woman is signing karaoke."," ","","practice","Practice","You see how a woman is signing karaoke.","volleyball.jpg","",""
"","","","","","fixation","85166","html-keyboard-response","27","111582","0.0-5.0-2.4","null","<p style=""font-size: 48px;"">+</p>","null","","","","","","",""
"","","","","","picture","85166","image-keyboard-response","28","112711","0.0-5.0-3.4","1125","volleyball.jpg","n","","practice","Practice","You see how a woman is signing karaoke.","volleyball.jpg","true",""
"","","","","","","","html-keyboard-response","29","113731","0.0-5.0-4.4","null","<p style='font-size: 70px; color: green;'>Correct!</p>","null","","","","","","",""
"","","","","","fixation","85166","html-keyboard-response","30","114757","0.0-5.0-0.5","null","<p style=""font-size: 48px;"">+</p>","null","","","","","","",""
"","","","","","sentence","85166","html-keyboard-response","31","116959","0.0-5.0-1.5","2201","You see how a man is cutting an avocado."," ","","practice","Practice","You see how a man is cutting an avocado.","avocado.jpg","",""
"","","","","","fixation","85166","html-keyboard-response","32","117461","0.0-5.0-2.5","null","<p style=""font-size: 48px;"">+</p>","null","","","","","","",""
"","","","","","picture","85166","image-keyboard-response","33","118442","0.0-5.0-3.5","976","avocado.jpg","s","","practice","Practice","You see how a man is cutting an avocado.","avocado.jpg","true",""
"","","","","","","","html-keyboard-response","34","119464","0.0-5.0-4.5","null","<p style='font-size: 70px; color: green;'>Correct!</p>","null","","","","","","",""
"","","","","","movetoexp","85166","html-button-response","35","121812","0.0-6.0","2346","<p style=""font-size:20px;"">You have now completed the practice session! </p>
      <p style=""font-size:20px;"">You will now move on to the main experiment, where you will not be provided any feedback. </p>
      <p style=""font-size:20px;"">Remember, you should press <strong>S</strong> if the pictured object was mentioned in the preceding sentence<br> and <strong>N</strong> if the pictured object was not mentioned in the preceding sentence.</p>
      <p style=""font-size:20px;"">Please click the button below to continue to the main experiment. </p>","0","","","","","","",""
"","","","","","fixation","85166","html-keyboard-response","36","122820","0.0-7.0-0.0","null","<p style=""font-size: 48px;"">+</p>","null","","","","","","",""
"","","","","","sentence","85166","html-keyboard-response","37","125803","0.0-7.0-1.0","2981","You drop a brick on a banana."," ","","3","Atypical_Smashed","You drop a brick on a banana.","bananaAS.jpeg","",""
"","","","","","picture","85166","image-keyboard-response","38","128306","0.0-7.0-2.0","2499","bananaAS.jpeg","s","","3","Atypical_Smashed","You drop a brick on a banana.","bananaAS.jpeg","true",""
"","","","","","fixation","85166","html-keyboard-response","39","128815","0.0-7.0-3.0","null","<p style=""font-size: 48px;"">+</p>","null","","","","","","",""
"","","","","","fixation","85166","html-keyboard-response","40","129831","0.0-7.0-0.1","null","<p style=""font-size: 48px;"">+</p>","null","","","","","","",""
"","","","","","sentence","85166","html-keyboard-response","41","132436","0.0-7.0-1.1","2603","You see how a nurse is taking a syringe"," ","","3","filler","You see how a nurse is taking a syringe","headphones.jpg","",""
"","","","","","picture","85166","image-keyboard-response","42","133865","0.0-7.0-2.1","1425","headphones.jpg","n","","3","filler","You see how a nurse is taking a syringe","headphones.jpg","true",""
"","","","","","fixation","85166","html-keyboard-response","43","134384","0.0-7.0-3.1","null","<p style=""font-size: 48px;"">+</p>","null","","","","","","",""
"","","","","","fixation","85166","html-keyboard-response","44","135401","0.0-7.0-0.2","null","<p style=""font-size: 48px;"">+</p>","null","","","","","","",""
"","","","","","sentence","85166","html-keyboard-response","45","136851","0.0-7.0-1.2","1448","You drop a brick on a raspberry."," ","","3","Typical_Intact","You drop a brick on a raspberry.","raspberryN.jpeg","",""
"","","","","","picture","85166","image-keyboard-response","46","138146","0.0-7.0-2.2","1290","raspberryN.jpeg","s","","3","Typical_Intact","You drop a brick on a raspberry.","raspberryN.jpeg","true",""
"","","","","","fixation","85166","html-keyboard-response","47","138663","0.0-7.0-3.2","null","<p style=""font-size: 48px;"">+</p>","null","","","","","","",""
"","","","","","fixation","85166","html-keyboard-response","48","139677","0.0-7.0-0.3","null","<p style=""font-size: 48px;"">+</p>","null","","","","","","",""
"","","","","","sentence","85166","html-keyboard-response","49","142170","0.0-7.0-1.3","2491","You drop a brick on a cake."," ","","3","Typical_Smashed","You drop a brick on a cake.","cakeS.jpg","",""
"","","","","","picture","85166","image-keyboard-response","50","143899","0.0-7.0-2.3","1724","cakeS.jpg","n","","3","Typical_Smashed","You drop a brick on a cake.","cakeS.jpg","false",""
"","","","","","fixation","85166","html-keyboard-response","51","144418","0.0-7.0-3.3","null","<p style=""font-size: 48px;"">+</p>","null","","","","","","",""
"","","","","","fixation","85166","html-keyboard-response","52","145437","0.0-7.0-0.4","null","<p style=""font-size: 48px;"">+</p>","null","","","","","","",""
"","","","","","sentence","85166","html-keyboard-response","53","147330","0.0-7.0-1.4","1891","You drop a brick on a donut."," ","","3","Atypical_Smashed","You drop a brick on a donut.","donutAS.jpeg","",""
"","","","","","picture","85166","image-keyboard-response","54","148379","0.0-7.0-2.4","1044","donutAS.jpeg","s","","3","Atypical_Smashed","You drop a brick on a donut.","donutAS.jpeg","true",""
"","","","","","fixation","85166","html-keyboard-response","55","148898","0.0-7.0-3.4","null","<p style=""font-size: 48px;"">+</p>","null","","","","","","",""
"","","","","","fixation","85166","html-keyboard-response","56","149917","0.0-7.0-0.5","null","<p style=""font-size: 48px;"">+</p>","null","","","","","","",""
"","","","","","sentence","85166","html-keyboard-response","57","151741","0.0-7.0-1.5","1822","You see how a postman is driving a car"," ","","3","filler","You see how a postman is driving a car","car.jpg","",""
"","","","","","picture","85166","image-keyboard-response","58","153199","0.0-7.0-2.5","1454","car.jpg","s","","3","filler","You see how a postman is driving a car","car.jpg","true",""
"","","","","","fixation","85166","html-keyboard-response","59","153709","0.0-7.0-3.5","null","<p style=""font-size: 48px;"">+</p>","null","","","","","","",""
"","","","","","fixation","85166","html-keyboard-response","60","154729","0.0-7.0-0.6","null","<p style=""font-size: 48px;"">+</p>","null","","","","","","",""
"","","","","","sentence","85166","html-keyboard-response","61","157340","0.0-7.0-1.6","2609","You see how a woman is taking money out of a wallet"," ","","3","filler","You see how a woman is taking money out of a wallet","coconut.jpg","",""
"","","","","","picture","85166","image-keyboard-response","62","158328","0.0-7.0-2.6","985","coconut.jpg","n","","3","filler","You see how a woman is taking money out of a wallet","coconut.jpg","true",""
"","","","","","fixation","85166","html-keyboard-response","63","158839","0.0-7.0-3.6","null","<p style=""font-size: 48px;"">+</p>","null","","","","","","",""
"","","","","","fixation","85166","html-keyboard-response","64","159850","0.0-7.0-0.7","null","<p style=""font-size: 48px;"">+</p>","null","","","","","","",""
"","","","","","sentence","85166","html-keyboard-response","65","162401","0.0-7.0-1.7","2548","You see how a doctor is taking a stethoscope"," ","","3","filler","You see how a doctor is taking a stethoscope","matchesbox.jpg","",""
"","","","","","picture","85166","image-keyboard-response","66","164008","0.0-7.0-2.7","1603","matchesbox.jpg","n","","3","filler","You see how a doctor is taking a stethoscope","matchesbox.jpg","true",""
"","","","","","fixation","85166","html-keyboard-response","67","164517","0.0-7.0-3.7","null","<p style=""font-size: 48px;"">+</p>","null","","","","","","",""
"","","","","","fixation","85166","html-keyboard-response","68","165537","0.0-7.0-0.8","null","<p style=""font-size: 48px;"">+</p>","null","","","","","","",""
"","","","","","sentence","85166","html-keyboard-response","69","167099","0.0-7.0-1.8","1560","You see how an owl is sitting on the branch"," ","","3","filler","You see how an owl is sitting on the branch","rubberduck.jpg","",""
"","","","","","picture","85166","image-keyboard-response","70","168029","0.0-7.0-2.8","903","rubberduck.jpg","n","","3","filler","You see how an owl is sitting on the branch","rubberduck.jpg","true",""
"","","","","","fixation","85166","html-keyboard-response","71","168531","0.0-7.0-3.8","null","<p style=""font-size: 48px;"">+</p>","null","","","","","","",""
"","","","","","fixation","85166","html-keyboard-response","72","169548","0.0-7.0-0.9","null","<p style=""font-size: 48px;"">+</p>","null","","","","","","",""
"","","","","","sentence","85166","html-keyboard-response","73","171050","0.0-7.0-1.9","1500","You drop a cabbage on the table"," ","","3","filler","You drop a cabbage on the table","ladder.jpg","",""
"","","","","","picture","85166","image-keyboard-response","74","171970","0.0-7.0-2.9","916","ladder.jpg","n","","3","filler","You drop a cabbage on the table","ladder.jpg","true",""
"","","","","","fixation","85166","html-keyboard-response","75","172480","0.0-7.0-3.9","null","<p style=""font-size: 48px;"">+</p>","null","","","","","","",""
"","","","","","fixation","85166","html-keyboard-response","76","173490","0.0-7.0-0.10","null","<p style=""font-size: 48px;"">+</p>","null","","","","","","",""
"","","","","","sentence","85166","html-keyboard-response","77","174848","0.0-7.0-1.10","1364","You see how a butterfly is sitting on a flower"," ","","3","filler","You see how a butterfly is sitting on a flower","soap.jpg","",""
"","","","","","picture","85166","image-keyboard-response","78","175962","0.0-7.0-2.10","1110","soap.jpg","n","","3","filler","You see how a butterfly is sitting on a flower","soap.jpg","true",""
"","","","","","fixation","85166","html-keyboard-response","79","176481","0.0-7.0-3.10","null","<p style=""font-size: 48px;"">+</p>","null","","","","","","",""
"","","","","","fixation","85166","html-keyboard-response","80","177492","0.0-7.0-0.11","null","<p style=""font-size: 48px;"">+</p>","null","","","","","","",""
"","","","","","sentence","85166","html-keyboard-response","81","179123","0.0-7.0-1.11","1629","You drop a brick on a egg."," ","","3","Atypical_Intact","You drop a brick on a egg.","eggAN.jpeg","",""
"","","","","","picture","85166","image-keyboard-response","82","179967","0.0-7.0-2.11","840","eggAN.jpeg","s","","3","Atypical_Intact","You drop a brick on a egg.","eggAN.jpeg","true",""
"","","","","","fixation","85166","html-keyboard-response","83","180477","0.0-7.0-3.11","null","<p style=""font-size: 48px;"">+</p>","null","","","","","","",""
"","","","","","fixation","85166","html-keyboard-response","84","181489","0.0-7.0-0.12","null","<p style=""font-size: 48px;"">+</p>","null","","","","","","",""
"","","","","","sentence","85166","html-keyboard-response","85","182545","0.0-7.0-1.12","1054","You drop a brick on an orange."," ","","3","Typical_Smashed","You drop a brick on an orange.","orangeS.jpg","",""
"","","","","","picture","85166","image-keyboard-response","86","183988","0.0-7.0-2.12","1439","orangeS.jpg","s","","3","Typical_Smashed","You drop a brick on an orange.","orangeS.jpg","true",""
"","","","","","fixation","85166","html-keyboard-response","87","184506","0.0-7.0-3.12","null","<p style=""font-size: 48px;"">+</p>","null","","","","","","",""
"","","","","","fixation","85166","html-keyboard-response","88","185524","0.0-7.0-0.13","null","<p style=""font-size: 48px;"">+</p>","null","","","","","","",""
"","","","","","sentence","85166","html-keyboard-response","89","187480","0.0-7.0-1.13","1954","You drop a brick on a blueberry."," ","","3","Atypical_Smashed","You drop a brick on a blueberry.","blueberryAS.JPG","",""
"","","","","","picture","85166","image-keyboard-response","90","188793","0.0-7.0-2.13","1310","blueberryAS.JPG","n","","3","Atypical_Smashed","You drop a brick on a blueberry.","blueberryAS.JPG","false",""
"","","","","","fixation","85166","html-keyboard-response","91","189301","0.0-7.0-3.13","null","<p style=""font-size: 48px;"">+</p>","null","","","","","","",""
"","","","","","fixation","85166","html-keyboard-response","92","190313","0.0-7.0-0.14","null","<p style=""font-size: 48px;"">+</p>","null","","","","","","",""
"","","","","","sentence","85166","html-keyboard-response","93","191934","0.0-7.0-1.14","1619","You drop a brick on a blackberry."," ","","3","Atypical_Smashed","You drop a brick on a blackberry.","blackberryAS.jpeg","",""
"","","","","","picture","85166","image-keyboard-response","94","194112","0.0-7.0-2.14","2175","blackberryAS.jpeg","n","","3","Atypical_Smashed","You drop a brick on a blackberry.","blackberryAS.jpeg","false",""
"","","","","","fixation","85166","html-keyboard-response","95","194626","0.0-7.0-3.14","null","<p style=""font-size: 48px;"">+</p>","null","","","","","","",""
"","","","","","fixation","85166","html-keyboard-response","96","195645","0.0-7.0-0.15","null","<p style=""font-size: 48px;"">+</p>","null","","","","","","",""
"","","","","","sentence","85166","html-keyboard-response","97","197717","0.0-7.0-1.15","2071","You see how an actress is taking a microphone"," ","","3","filler","You see how an actress is taking a microphone","pants.jpg","",""
"","","","","","picture","85166","image-keyboard-response","98","198581","0.0-7.0-2.15","861","pants.jpg","n","","3","filler","You see how an actress is taking a microphone","pants.jpg","true",""
"","","","","","fixation","85166","html-keyboard-response","99","199092","0.0-7.0-3.15","null","<p style=""font-size: 48px;"">+</p>","null","","","","","","",""
"","","","","","fixation","85166","html-keyboard-response","100","200103","0.0-7.0-0.16","null","<p style=""font-size: 48px;"">+</p>","null","","","","","","",""
"","","","","","sentence","85166","html-keyboard-response","101","201654","0.0-7.0-1.16","1549","You see how a man is boiling potatoes."," ","","3","filler","You see how a man is boiling potatoes.","cup.jpg","",""
"","","","","","picture","85166","image-keyboard-response","102","202737","0.0-7.0-2.16","1079","cup.jpg","n","","3","filler","You see how a man is boiling potatoes.","cup.jpg","true",""
"","","","","","fixation","85166","html-keyboard-response","103","203255","0.0-7.0-3.16","null","<p style=""font-size: 48px;"">+</p>","null","","","","","","",""
"","","","","","fixation","85166","html-keyboard-response","104","204266","0.0-7.0-0.17","null","<p style=""font-size: 48px;"">+</p>","null","","","","","","",""
"","","","","","sentence","85166","html-keyboard-response","105","205805","0.0-7.0-1.17","1537","You drop a ring on the newspaper"," ","","3","filler","You drop a ring on the newspaper","cat.jpg","",""
"","","","","","picture","85166","image-keyboard-response","106","206518","0.0-7.0-2.17","710","cat.jpg","n","","3","filler","You drop a ring on the newspaper","cat.jpg","true",""
"","","","","","fixation","85166","html-keyboard-response","107","207020","0.0-7.0-3.17","null","<p style=""font-size: 48px;"">+</p>","null","","","","","","",""
"","","","","","fixation","85166","html-keyboard-response","108","208030","0.0-7.0-0.18","null","<p style=""font-size: 48px;"">+</p>","null","","","","","","",""
"","","","","","sentence","85166","html-keyboard-response","109","209804","0.0-7.0-1.18","1773","You see how a president is writing in the notebook"," ","","3","filler","You see how a president is writing in the notebook","TV.jpg","",""
"","","","","","picture","85166","image-keyboard-response","110","210583","0.0-7.0-2.18","775","TV.jpg","n","","3","filler","You see how a president is writing in the notebook","TV.jpg","true",""
"","","","","","fixation","85166","html-keyboard-response","111","211094","0.0-7.0-3.18","null","<p style=""font-size: 48px;"">+</p>","null","","","","","","",""
"","","","","","fixation","85166","html-keyboard-response","112","212109","0.0-7.0-0.19","null","<p style=""font-size: 48px;"">+</p>","null","","","","","","",""
"","","","","","sentence","85166","html-keyboard-response","113","213132","0.0-7.0-1.19","1020","You drop a brick on a muffin."," ","","3","Atypical_Intact","You drop a brick on a muffin.","muffinAN.jpeg","",""
"","","","","","picture","85166","image-keyboard-response","114","214424","0.0-7.0-2.19","1289","muffinAN.jpeg","s","","3","Atypical_Intact","You drop a brick on a muffin.","muffinAN.jpeg","true",""
"","","","","","fixation","85166","html-keyboard-response","115","214943","0.0-7.0-3.19","null","<p style=""font-size: 48px;"">+</p>","null","","","","","","",""
"","","","","","fixation","85166","html-keyboard-response","116","215962","0.0-7.0-0.20","null","<p style=""font-size: 48px;"">+</p>","null","","","","","","",""
"","","","","","sentence","85166","html-keyboard-response","117","216838","0.0-7.0-1.20","875","You drop a brick on a mango."," ","","3","Typical_Smashed","You drop a brick on a mango.","mangoS.jpg","",""
"","","","","","picture","85166","image-keyboard-response","118","218165","0.0-7.0-2.20","1324","mangoS.jpg","s","","3","Typical_Smashed","You drop a brick on a mango.","mangoS.jpg","true",""
"","","","","","fixation","85166","html-keyboard-response","119","218676","0.0-7.0-3.20","null","<p style=""font-size: 48px;"">+</p>","null","","","","","","",""
"","","","","","fixation","85166","html-keyboard-response","120","219686","0.0-7.0-0.21","null","<p style=""font-size: 48px;"">+</p>","null","","","","","","",""
"","","","","","sentence","85166","html-keyboard-response","121","220642","0.0-7.0-1.21","954","You drop a brick on a watermelon."," ","","3","Typical_Intact","You drop a brick on a watermelon.","watermelonN.jpg","",""
"","","","","","picture","85166","image-keyboard-response","122","221697","0.0-7.0-2.21","1050","watermelonN.jpg","s","","3","Typical_Intact","You drop a brick on a watermelon.","watermelonN.jpg","true",""
"","","","","","fixation","85166","html-keyboard-response","123","222206","0.0-7.0-3.21","null","<p style=""font-size: 48px;"">+</p>","null","","","","","","",""
"","","","","","fixation","85166","html-keyboard-response","124","223217","0.0-7.0-0.22","null","<p style=""font-size: 48px;"">+</p>","null","","","","","","",""
"","","","","","sentence","85166","html-keyboard-response","125","223949","0.0-7.0-1.22","729","You drop a pencil on the shoe"," ","","3","filler","You drop a pencil on the shoe","perfume.jpg","",""
"","","","","","picture","85166","image-keyboard-response","126","227156","0.0-7.0-2.22","3204","perfume.jpg","n","","3","filler","You drop a pencil on the shoe","perfume.jpg","true",""
"","","","","","fixation","85166","html-keyboard-response","127","227668","0.0-7.0-3.22","null","<p style=""font-size: 48px;"">+</p>","null","","","","","","",""
"","","","","","fixation","85166","html-keyboard-response","128","228680","0.0-7.0-0.23","null","<p style=""font-size: 48px;"">+</p>","null","","","","","","",""
"","","","","","sentence","85166","html-keyboard-response","129","230967","0.0-7.0-1.23","2284","You see how a woman is paying with a debit card"," ","","3","filler","You see how a woman is paying with a debit card","vase.jpg","",""
"","","","","","picture","85166","image-keyboard-response","130","231945","0.0-7.0-2.23","975","vase.jpg","n","","3","filler","You see how a woman is paying with a debit card","vase.jpg","true",""
"","","","","","fixation","85166","html-keyboard-response","131","232454","0.0-7.0-3.23","null","<p style=""font-size: 48px;"">+</p>","null","","","","","","",""
"","","","","","fixation","85166","html-keyboard-response","132","233458","0.0-7.0-0.24","null","<p style=""font-size: 48px;"">+</p>","null","","","","","","",""
"","","","","","sentence","85166","html-keyboard-response","133","235221","0.0-7.0-1.24","1753","You drop a fork on the plate"," ","","3","filler","You drop a fork on the plate","plate.jpg","",""
"","","","","","picture","85166","image-keyboard-response","134","235995","0.0-7.0-2.24","769","plate.jpg","s","","3","filler","You drop a fork on the plate","plate.jpg","true",""
"","","","","","fixation","85166","html-keyboard-response","135","236513","0.0-7.0-3.24","null","<p style=""font-size: 48px;"">+</p>","null","","","","","","",""
"","","","","","fixation","85166","html-keyboard-response","136","237525","0.0-7.0-0.25","null","<p style=""font-size: 48px;"">+</p>","null","","","","","","",""
"","","","","","sentence","85166","html-keyboard-response","137","239407","0.0-7.0-1.25","1880","You see how a cat is drinking water from a bowl"," ","","3","filler","You see how a cat is drinking water from a bowl","bowl.jpg","",""
"","","","","","picture","85166","image-keyboard-response","138","240205","0.0-7.0-2.25","795","bowl.jpg","s","","3","filler","You see how a cat is drinking water from a bowl","bowl.jpg","true",""
"","","","","","fixation","85166","html-keyboard-response","139","240723","0.0-7.0-3.25","null","<p style=""font-size: 48px;"">+</p>","null","","","","","","",""
"","","","","","fixation","85166","html-keyboard-response","140","241741","0.0-7.0-0.26","null","<p style=""font-size: 48px;"">+</p>","null","","","","","","",""
"","","","","","sentence","85166","html-keyboard-response","141","243576","0.0-7.0-1.26","1833","You see how an elephant is wearing a skirt"," ","","3","filler","You see how an elephant is wearing a skirt","skirt.jpg","",""
"","","","","","picture","85166","image-keyboard-response","142","244380","0.0-7.0-2.26","801","skirt.jpg","s","","3","filler","You see how an elephant is wearing a skirt","skirt.jpg","true",""
"","","","","","fixation","85166","html-keyboard-response","143","244885","0.0-7.0-3.26","null","<p style=""font-size: 48px;"">+</p>","null","","","","","","",""
"","","","","","fixation","85166","html-keyboard-response","144","245887","0.0-7.0-0.27","null","<p style=""font-size: 48px;"">+</p>","null","","","","","","",""
"","","","","","sentence","85166","html-keyboard-response","145","246973","0.0-7.0-1.27","1083","You drop a brick on a tomato."," ","","3","Atypical_Intact","You drop a brick on a tomato.","tomatoAN.jpeg","",""
"","","","","","picture","85166","image-keyboard-response","146","248016","0.0-7.0-2.27","1041","tomatoAN.jpeg","s","","3","Atypical_Intact","You drop a brick on a tomato.","tomatoAN.jpeg","true",""
"","","","","","fixation","85166","html-keyboard-response","147","248534","0.0-7.0-3.27","null","<p style=""font-size: 48px;"">+</p>","null","","","","","","",""
"","","","","","fixation","85166","html-keyboard-response","148","249552","0.0-7.0-0.28","null","<p style=""font-size: 48px;"">+</p>","null","","","","","","",""
"","","","","","sentence","85166","html-keyboard-response","149","252138","0.0-7.0-1.28","2584","You see how a donkey is drinking water."," ","","3","filler","You see how a donkey is drinking water.","couch.jpg","",""
"","","","","","picture","85166","image-keyboard-response","150","253005","0.0-7.0-2.28","864","couch.jpg","n","","3","filler","You see how a donkey is drinking water.","couch.jpg","true",""
"","","","","","fixation","85166","html-keyboard-response","151","253511","0.0-7.0-3.28","null","<p style=""font-size: 48px;"">+</p>","null","","","","","","",""
"","","","","","fixation","85166","html-keyboard-response","152","254525","0.0-7.0-0.29","null","<p style=""font-size: 48px;"">+</p>","null","","","","","","",""
"","","","","","sentence","85166","html-keyboard-response","153","255694","0.0-7.0-1.29","1167","You drop a brick on a pomegranate."," ","","3","Typical_Intact","You drop a brick on a pomegranate.","pomegranateN.jpeg","",""
"","","","","","picture","85166","image-keyboard-response","154","258140","0.0-7.0-2.29","2443","pomegranateN.jpeg","s","","3","Typical_Intact","You drop a brick on a pomegranate.","pomegranateN.jpeg","true",""
"","","","","","fixation","85166","html-keyboard-response","155","258644","0.0-7.0-3.29","null","<p style=""font-size: 48px;"">+</p>","null","","","","","","",""
"","","","","","fixation","85166","html-keyboard-response","156","259654","0.0-7.0-0.30","null","<p style=""font-size: 48px;"">+</p>","null","","","","","","",""
"","","","","","sentence","85166","html-keyboard-response","157","261412","0.0-7.0-1.30","1756","You drop a keyboard on the bed"," ","","3","filler","You drop a keyboard on the bed","bottlecap.jpg","",""
"","","","","","picture","85166","image-keyboard-response","158","262416","0.0-7.0-2.30","1000","bottlecap.jpg","n","","3","filler","You drop a keyboard on the bed","bottlecap.jpg","true",""
"","","","","","fixation","85166","html-keyboard-response","159","262926","0.0-7.0-3.30","null","<p style=""font-size: 48px;"">+</p>","null","","","","","","",""
"","","","","","fixation","85166","html-keyboard-response","160","263936","0.0-7.0-0.31","null","<p style=""font-size: 48px;"">+</p>","null","","","","","","",""
"","","","","","sentence","85166","html-keyboard-response","161","265142","0.0-7.0-1.31","1204","You see how a photographer is taking a photo of a lion"," ","","3","filler","You see how a photographer is taking a photo of a lion","lion.jpg","",""
"","","","","","picture","85166","image-keyboard-response","162","265876","0.0-7.0-2.31","731","lion.jpg","s","","3","filler","You see how a photographer is taking a photo of a lion","lion.jpg","true",""
"","","","","","fixation","85166","html-keyboard-response","163","266389","0.0-7.0-3.31","null","<p style=""font-size: 48px;"">+</p>","null","","","","","","",""
"","","","","","fixation","85166","html-keyboard-response","164","267401","0.0-7.0-0.32","null","<p style=""font-size: 48px;"">+</p>","null","","","","","","",""
"","","","","","sentence","85166","html-keyboard-response","165","268200","0.0-7.0-1.32","798","You drop a brick on a cheeseburger."," ","","3","Typical_Intact","You drop a brick on a cheeseburger.","burgerN.jpeg","",""
"","","","","","picture","85166","image-keyboard-response","166","269152","0.0-7.0-2.32","949","burgerN.jpeg","s","","3","Typical_Intact","You drop a brick on a cheeseburger.","burgerN.jpeg","true",""
"","","","","","fixation","85166","html-keyboard-response","167","269660","0.0-7.0-3.32","null","<p style=""font-size: 48px;"">+</p>","null","","","","","","",""
"","","","","","fixation","85166","html-keyboard-response","168","270678","0.0-7.0-0.33","null","<p style=""font-size: 48px;"">+</p>","null","","","","","","",""
"","","","","","sentence","85166","html-keyboard-response","169","271874","0.0-7.0-1.33","1194","You see how a zebra is playing with a horse"," ","","3","filler","You see how a zebra is playing with a horse","watch.jpg","",""
"","","","","","picture","85166","image-keyboard-response","170","272694","0.0-7.0-2.33","817","watch.jpg","n","","3","filler","You see how a zebra is playing with a horse","watch.jpg","true",""
"","","","","","fixation","85166","html-keyboard-response","171","273207","0.0-7.0-3.33","null","<p style=""font-size: 48px;"">+</p>","null","","","","","","",""
"","","","","","fixation","85166","html-keyboard-response","172","274225","0.0-7.0-0.34","null","<p style=""font-size: 48px;"">+</p>","null","","","","","","",""
"","","","","","sentence","85166","html-keyboard-response","173","275361","0.0-7.0-1.34","1133","You see how a police officer is talking on the phone"," ","","3","filler","You see how a police officer is talking on the phone","tissuebox.jpg","",""
"","","","","","picture","85166","image-keyboard-response","174","276134","0.0-7.0-2.34","770","tissuebox.jpg","n","","3","filler","You see how a police officer is talking on the phone","tissuebox.jpg","true",""
"","","","","","fixation","85166","html-keyboard-response","175","276638","0.0-7.0-3.34","null","<p style=""font-size: 48px;"">+</p>","null","","","","","","",""
"","","","","","fixation","85166","html-keyboard-response","176","277656","0.0-7.0-0.35","null","<p style=""font-size: 48px;"">+</p>","null","","","","","","",""
"","","","","","sentence","85166","html-keyboard-response","177","278462","0.0-7.0-1.35","803","You drop a brick on an ice cream."," ","","3","Atypical_Intact","You drop a brick on an ice cream.","icecreamAN.jpeg","",""
"","","","","","picture","85166","image-keyboard-response","178","279387","0.0-7.0-2.35","921","icecreamAN.jpeg","s","","3","Atypical_Intact","You drop a brick on an ice cream.","icecreamAN.jpeg","true",""
"","","","","","fixation","85166","html-keyboard-response","179","279906","0.0-7.0-3.35","null","<p style=""font-size: 48px;"">+</p>","null","","","","","","",""
"","","","","","fixation","85166","html-keyboard-response","180","280917","0.0-7.0-0.36","null","<p style=""font-size: 48px;"">+</p>","null","","","","","","",""
"","","","","","sentence","85166","html-keyboard-response","181","281589","0.0-7.0-1.36","671","You drop a brick on a strawberry."," ","","3","Atypical_Intact","You drop a brick on a strawberry.","strawberryAN.jpeg","",""
"","","","","","picture","85166","image-keyboard-response","182","282497","0.0-7.0-2.36","904","strawberryAN.jpeg","s","","3","Atypical_Intact","You drop a brick on a strawberry.","strawberryAN.jpeg","true",""
"","","","","","fixation","85166","html-keyboard-response","183","283015","0.0-7.0-3.36","null","<p style=""font-size: 48px;"">+</p>","null","","","","","","",""
"","","","","","fixation","85166","html-keyboard-response","184","284034","0.0-7.0-0.37","null","<p style=""font-size: 48px;"">+</p>","null","","","","","","",""
"","","","","","sentence","85166","html-keyboard-response","185","285200","0.0-7.0-1.37","1164","You see how a panda is resting on a tree"," ","","3","filler","You see how a panda is resting on a tree","dollar.jpg","",""
"","","","","","picture","85166","image-keyboard-response","186","286138","0.0-7.0-2.37","936","dollar.jpg","n","","3","filler","You see how a panda is resting on a tree","dollar.jpg","true",""
"","","","","","fixation","85166","html-keyboard-response","187","286648","0.0-7.0-3.37","null","<p style=""font-size: 48px;"">+</p>","null","","","","","","",""
"","","","","","fixation","85166","html-keyboard-response","188","287660","0.0-7.0-0.38","null","<p style=""font-size: 48px;"">+</p>","null","","","","","","",""
"","","","","","sentence","85166","html-keyboard-response","189","288336","0.0-7.0-1.38","674","You drop a remote on the rug"," ","","3","filler","You drop a remote on the rug","CD.jpg","",""
"","","","","","picture","85166","image-keyboard-response","190","289665","0.0-7.0-2.38","1326","CD.jpg","n","","3","filler","You drop a remote on the rug","CD.jpg","true",""
"","","","","","fixation","85166","html-keyboard-response","191","290176","0.0-7.0-3.38","null","<p style=""font-size: 48px;"">+</p>","null","","","","","","",""
"","","","","","fixation","85166","html-keyboard-response","192","291194","0.0-7.0-0.39","null","<p style=""font-size: 48px;"">+</p>","null","","","","","","",""
"","","","","","sentence","85166","html-keyboard-response","193","292642","0.0-7.0-1.39","1446","You see how a teenage girl is playing the piano"," ","","3","filler","You see how a teenage girl is playing the piano","pillow.jpg","",""
"","","","","","picture","85166","image-keyboard-response","194","293552","0.0-7.0-2.39","906","pillow.jpg","n","","3","filler","You see how a teenage girl is playing the piano","pillow.jpg","true",""
"","","","","","fixation","85166","html-keyboard-response","195","294063","0.0-7.0-3.39","null","<p style=""font-size: 48px;"">+</p>","null","","","","","","",""
"","","","","","fixation","85166","html-keyboard-response","196","295074","0.0-7.0-0.40","null","<p style=""font-size: 48px;"">+</p>","null","","","","","","",""
"","","","","","sentence","85166","html-keyboard-response","197","296392","0.0-7.0-1.40","1315","You see how a student is writing on a board"," ","","3","filler","You see how a student is writing on a board","owl.jpg","",""
"","","","","","picture","85166","image-keyboard-response","198","297256","0.0-7.0-2.40","861","owl.jpg","n","","3","filler","You see how a student is writing on a board","owl.jpg","true",""
"","","","","","fixation","85166","html-keyboard-response","199","297775","0.0-7.0-3.40","null","<p style=""font-size: 48px;"">+</p>","null","","","","","","",""
"","","","","","fixation","85166","html-keyboard-response","200","298787","0.0-7.0-0.41","null","<p style=""font-size: 48px;"">+</p>","null","","","","","","",""
"","","","","","sentence","85166","html-keyboard-response","201","299928","0.0-7.0-1.41","1140","You see how a boy is playing with a toy tractor"," ","","3","filler","You see how a boy is playing with a toy tractor","tractor.jpg","",""
"","","","","","picture","85166","image-keyboard-response","202","300742","0.0-7.0-2.41","790","tractor.jpg","s","","3","filler","You see how a boy is playing with a toy tractor","tractor.jpg","true",""
"","","","","","fixation","85166","html-keyboard-response","203","301255","0.0-7.0-3.41","null","<p style=""font-size: 48px;"">+</p>","null","","","","","","",""
"","","","","","fixation","85166","html-keyboard-response","204","302266","0.0-7.0-0.42","null","<p style=""font-size: 48px;"">+</p>","null","","","","","","",""
"","","","","","sentence","85166","html-keyboard-response","205","303686","0.0-7.0-1.42","1417","You see how a musician is playing a guitar"," ","","3","filler","You see how a musician is playing a guitar","guitar.jpg","",""
"","","","","","picture","85166","image-keyboard-response","206","304722","0.0-7.0-2.42","1032","guitar.jpg","s","","3","filler","You see how a musician is playing a guitar","guitar.jpg","true",""
"","","","","","fixation","85166","html-keyboard-response","207","305243","0.0-7.0-3.42","null","<p style=""font-size: 48px;"">+</p>","null","","","","","","",""
"","","","","","fixation","85166","html-keyboard-response","208","306262","0.0-7.0-0.43","null","<p style=""font-size: 48px;"">+</p>","null","","","","","","",""
"","","","","","sentence","85166","html-keyboard-response","209","307930","0.0-7.0-1.43","1665","You drop a brick on a sushi."," ","","3","Atypical_Intact","You drop a brick on a sushi.","sushiAN.jpeg","",""
"","","","","","picture","85166","image-keyboard-response","210","308953","0.0-7.0-2.43","1020","sushiAN.jpeg","s","","3","Atypical_Intact","You drop a brick on a sushi.","sushiAN.jpeg","true",""
"","","","","","fixation","85166","html-keyboard-response","211","309464","0.0-7.0-3.43","null","<p style=""font-size: 48px;"">+</p>","null","","","","","","",""
"","","","","","fixation","85166","html-keyboard-response","212","310481","0.0-7.0-0.44","null","<p style=""font-size: 48px;"">+</p>","null","","","","","","",""
"","","","","","sentence","85166","html-keyboard-response","213","311475","0.0-7.0-1.44","992","You see how a hairdresser is taking scissors"," ","","3","filler","You see how a hairdresser is taking scissors","sock.jpg","",""
"","","","","","picture","85166","image-keyboard-response","214","312189","0.0-7.0-2.44","711","sock.jpg","n","","3","filler","You see how a hairdresser is taking scissors","sock.jpg","true",""
"","","","","","fixation","85166","html-keyboard-response","215","312691","0.0-7.0-3.44","null","<p style=""font-size: 48px;"">+</p>","null","","","","","","",""
"","","","","","fixation","85166","html-keyboard-response","216","313701","0.0-7.0-0.45","null","<p style=""font-size: 48px;"">+</p>","null","","","","","","",""
"","","","","","sentence","85166","html-keyboard-response","217","315356","0.0-7.0-1.45","1653","You see how a dentist is drinking a can of cola"," ","","3","filler","You see how a dentist is drinking a can of cola","doll.jpg","",""
"","","","","","picture","85166","image-keyboard-response","218","316080","0.0-7.0-2.45","720","doll.jpg","n","","3","filler","You see how a dentist is drinking a can of cola","doll.jpg","true",""
"","","","","","fixation","85166","html-keyboard-response","219","316598","0.0-7.0-3.45","null","<p style=""font-size: 48px;"">+</p>","null","","","","","","",""
"","","","","","fixation","85166","html-keyboard-response","220","317617","0.0-7.0-0.46","null","<p style=""font-size: 48px;"">+</p>","null","","","","","","",""
"","","","","","sentence","85166","html-keyboard-response","221","319351","0.0-7.0-1.46","1733","You see how a horse is chewing hay"," ","","3","filler","You see how a horse is chewing hay","purse.jpg","",""
"","","","","","picture","85166","image-keyboard-response","222","320171","0.0-7.0-2.46","816","purse.jpg","n","","3","filler","You see how a horse is chewing hay","purse.jpg","true",""
"","","","","","fixation","85166","html-keyboard-response","223","320682","0.0-7.0-3.46","null","<p style=""font-size: 48px;"">+</p>","null","","","","","","",""
"","","","","","fixation","85166","html-keyboard-response","224","321693","0.0-7.0-0.47","null","<p style=""font-size: 48px;"">+</p>","null","","","","","","",""
"","","","","","sentence","85166","html-keyboard-response","225","322428","0.0-7.0-1.47","733","You see how a thief is stealing a wallet"," ","","3","filler","You see how a thief is stealing a wallet","teddybear.jpg","",""
"","","","","","picture","85166","image-keyboard-response","226","323297","0.0-7.0-2.47","866","teddybear.jpg","n","","3","filler","You see how a thief is stealing a wallet","teddybear.jpg","true",""
"","","","","","fixation","85166","html-keyboard-response","227","323808","0.0-7.0-3.47","null","<p style=""font-size: 48px;"">+</p>","null","","","","","","",""
"","","","","","fixation","85166","html-keyboard-response","228","324826","0.0-7.0-0.48","null","<p style=""font-size: 48px;"">+</p>","null","","","","","","",""
"","","","","","sentence","85166","html-keyboard-response","229","326135","0.0-7.0-1.48","1307","You see how a pilot is reading a book"," ","","3","filler","You see how a pilot is reading a book","spoon.jpg","",""
"","","","","","picture","85166","image-keyboard-response","230","326938","0.0-7.0-2.48","800","spoon.jpg","n","","3","filler","You see how a pilot is reading a book","spoon.jpg","true",""
"","","","","","fixation","85166","html-keyboard-response","231","327457","0.0-7.0-3.48","null","<p style=""font-size: 48px;"">+</p>","null","","","","","","",""
"","","","","","fixation","85166","html-keyboard-response","232","328461","0.0-7.0-0.49","null","<p style=""font-size: 48px;"">+</p>","null","","","","","","",""
"","","","","","sentence","85166","html-keyboard-response","233","330055","0.0-7.0-1.49","1592","You drop a watch on the laptop"," ","","3","filler","You drop a watch on the laptop","bow.jpg","",""
"","","","","","picture","85166","image-keyboard-response","234","330749","0.0-7.0-2.49","692","bow.jpg","n","","3","filler","You drop a watch on the laptop","bow.jpg","true",""
"","","","","","fixation","85166","html-keyboard-response","235","331252","0.0-7.0-3.49","null","<p style=""font-size: 48px;"">+</p>","null","","","","","","",""
"","","","","","fixation","85166","html-keyboard-response","236","332271","0.0-7.0-0.50","null","<p style=""font-size: 48px;"">+</p>","null","","","","","","",""
"","","","","","sentence","85166","html-keyboard-response","237","333262","0.0-7.0-1.50","988","You drop a brick on a cracker."," ","","3","Atypical_Smashed","You drop a brick on a cracker.","crackerAS.jpeg","",""
"","","","","","picture","85166","image-keyboard-response","238","334127","0.0-7.0-2.50","862","crackerAS.jpeg","s","","3","Atypical_Smashed","You drop a brick on a cracker.","crackerAS.jpeg","true",""
"","","","","","fixation","85166","html-keyboard-response","239","334637","0.0-7.0-3.50","null","<p style=""font-size: 48px;"">+</p>","null","","","","","","",""
"","","","","","fixation","85166","html-keyboard-response","240","335646","0.0-7.0-0.51","null","<p style=""font-size: 48px;"">+</p>","null","","","","","","",""
"","","","","","sentence","85166","html-keyboard-response","241","337168","0.0-7.0-1.51","1520","You drop a cushion on the magazine"," ","","3","filler","You drop a cushion on the magazine","box.jpg","",""
"","","","","","picture","85166","image-keyboard-response","242","338021","0.0-7.0-2.51","850","box.jpg","n","","3","filler","You drop a cushion on the magazine","box.jpg","true",""
"","","","","","fixation","85166","html-keyboard-response","243","338531","0.0-7.0-3.51","null","<p style=""font-size: 48px;"">+</p>","null","","","","","","",""
"","","","","","fixation","85166","html-keyboard-response","244","339552","0.0-7.0-0.52","null","<p style=""font-size: 48px;"">+</p>","null","","","","","","",""
"","","","","","sentence","85166","html-keyboard-response","245","341333","0.0-7.0-1.52","1779","You drop a towel on the TV"," ","","3","filler","You drop a towel on the TV","pencil.jpg","",""
"","","","","","picture","85166","image-keyboard-response","246","342397","0.0-7.0-2.52","1061","pencil.jpg","n","","3","filler","You drop a towel on the TV","pencil.jpg","true",""
"","","","","","fixation","85166","html-keyboard-response","247","342906","0.0-7.0-3.52","null","<p style=""font-size: 48px;"">+</p>","null","","","","","","",""
"","","","","","fixation","85166","html-keyboard-response","248","343925","0.0-7.0-0.53","null","<p style=""font-size: 48px;"">+</p>","null","","","","","","",""
"","","","","","sentence","85166","html-keyboard-response","249","345334","0.0-7.0-1.53","1407","You drop a brick on an apple."," ","","3","Typical_Intact","You drop a brick on an apple.","appleN.jpg","",""
"","","","","","picture","85166","image-keyboard-response","250","346253","0.0-7.0-2.53","915","appleN.jpg","s","","3","Typical_Intact","You drop a brick on an apple.","appleN.jpg","true",""
"","","","","","fixation","85166","html-keyboard-response","251","346762","0.0-7.0-3.53","null","<p style=""font-size: 48px;"">+</p>","null","","","","","","",""
"","","","","","fixation","85166","html-keyboard-response","252","347785","0.0-7.0-0.54","null","<p style=""font-size: 48px;"">+</p>","null","","","","","","",""
"","","","","","sentence","85166","html-keyboard-response","253","349204","0.0-7.0-1.54","1417","You drop a thermometer on the box"," ","","3","filler","You drop a thermometer on the box","button.jpg","",""
"","","","","","picture","85166","image-keyboard-response","254","350223","0.0-7.0-2.54","1016","button.jpg","n","","3","filler","You drop a thermometer on the box","button.jpg","true",""
"","","","","","fixation","85166","html-keyboard-response","255","350734","0.0-7.0-3.54","null","<p style=""font-size: 48px;"">+</p>","null","","","","","","",""
"","","","","","fixation","85166","html-keyboard-response","256","351753","0.0-7.0-0.55","null","<p style=""font-size: 48px;"">+</p>","null","","","","","","",""
"","","","","","sentence","85166","html-keyboard-response","257","352846","0.0-7.0-1.55","1091","You see how a kitten is playing in the sandbox"," ","","3","filler","You see how a kitten is playing in the sandbox","dustbin.jpg","",""
"","","","","","picture","85166","image-keyboard-response","258","353845","0.0-7.0-2.55","996","dustbin.jpg","n","","3","filler","You see how a kitten is playing in the sandbox","dustbin.jpg","true",""
"","","","","","fixation","85166","html-keyboard-response","259","354362","0.0-7.0-3.55","null","<p style=""font-size: 48px;"">+</p>","null","","","","","","",""
"","","","","","fixation","85166","html-keyboard-response","260","355382","0.0-7.0-0.56","null","<p style=""font-size: 48px;"">+</p>","null","","","","","","",""
"","","","","","sentence","85166","html-keyboard-response","261","356603","0.0-7.0-1.56","1200","You drop a needle on the mouse pad"," ","","3","filler","You drop a needle on the mouse pad","hairbrush.jpg","",""
"","","","","","picture","85166","image-keyboard-response","262","357437","0.0-7.0-2.56","830","hairbrush.jpg","n","","3","filler","You drop a needle on the mouse pad","hairbrush.jpg","true",""
"","","","","","fixation","85166","html-keyboard-response","263","357941","0.0-7.0-3.56","null","<p style=""font-size: 48px;"">+</p>","null","","","","","","",""
"","","","","","fixation","85166","html-keyboard-response","264","358960","0.0-7.0-0.57","null","<p style=""font-size: 48px;"">+</p>","null","","","","","","",""
"","","","","","sentence","85166","html-keyboard-response","265","360149","0.0-7.0-1.57","1187","You see how a parrot flying in the rainforest"," ","","3","filler","You see how a parrot flying in the rainforest","shirt1.jpg","",""
"","","","","","picture","85166","image-keyboard-response","266","360867","0.0-7.0-2.57","714","shirt1.jpg","n","","3","filler","You see how a parrot flying in the rainforest","shirt1.jpg","true",""
"","","","","","fixation","85166","html-keyboard-response","267","361372","0.0-7.0-3.57","null","<p style=""font-size: 48px;"">+</p>","null","","","","","","",""
"","","","","","fixation","85166","html-keyboard-response","268","362391","0.0-7.0-0.58","null","<p style=""font-size: 48px;"">+</p>","null","","","","","","",""
"","","","","","sentence","85166","html-keyboard-response","269","363415","0.0-7.0-1.58","1022","You see how a man is playing with a cat"," ","","3","filler","You see how a man is playing with a cat","ceramicplate.jpg","",""
"","","","","","picture","85166","image-keyboard-response","270","364205","0.0-7.0-2.58","786","ceramicplate.jpg","n","","3","filler","You see how a man is playing with a cat","ceramicplate.jpg","true",""
"","","","","","fixation","85166","html-keyboard-response","271","364723","0.0-7.0-3.58","null","<p style=""font-size: 48px;"">+</p>","null","","","","","","",""
"","","","","","fixation","85166","html-keyboard-response","272","365734","0.0-7.0-0.59","null","<p style=""font-size: 48px;"">+</p>","null","","","","","","",""
"","","","","","sentence","85166","html-keyboard-response","273","366406","0.0-7.0-1.59","670","You see how a mouse is eating cheese"," ","","3","filler","You see how a mouse is eating cheese","ring.jpg","",""
"","","","","","picture","85166","image-keyboard-response","274","367100","0.0-7.0-2.59","691","ring.jpg","n","","3","filler","You see how a mouse is eating cheese","ring.jpg","true",""
"","","","","","fixation","85166","html-keyboard-response","275","367618","0.0-7.0-3.59","null","<p style=""font-size: 48px;"">+</p>","null","","","","","","",""
"","","","","","fixation","85166","html-keyboard-response","276","368638","0.0-7.0-0.60","null","<p style=""font-size: 48px;"">+</p>","null","","","","","","",""
"","","","","","sentence","85166","html-keyboard-response","277","369652","0.0-7.0-1.60","1013","You see how a giraffe is playing with a zebra"," ","","3","filler","You see how a giraffe is playing with a zebra","wallet.jpg","",""
"","","","","","picture","85166","image-keyboard-response","278","370418","0.0-7.0-2.60","762","wallet.jpg","n","","3","filler","You see how a giraffe is playing with a zebra","wallet.jpg","true",""
"","","","","","fixation","85166","html-keyboard-response","279","370929","0.0-7.0-3.60","null","<p style=""font-size: 48px;"">+</p>","null","","","","","","",""
"","","","","","fixation","85166","html-keyboard-response","280","371947","0.0-7.0-0.61","null","<p style=""font-size: 48px;"">+</p>","null","","","","","","",""
"","","","","","sentence","85166","html-keyboard-response","281","372710","0.0-7.0-1.61","760","You drop a brick on a kiwi."," ","","3","Typical_Intact","You drop a brick on a kiwi.","kiwiN.jpeg","",""
"","","","","","picture","85166","image-keyboard-response","282","373465","0.0-7.0-2.61","752","kiwiN.jpeg","s","","3","Typical_Intact","You drop a brick on a kiwi.","kiwiN.jpeg","true",""
"","","","","","fixation","85166","html-keyboard-response","283","373975","0.0-7.0-3.61","null","<p style=""font-size: 48px;"">+</p>","null","","","","","","",""
"","","","","","fixation","85166","html-keyboard-response","284","374995","0.0-7.0-0.62","null","<p style=""font-size: 48px;"">+</p>","null","","","","","","",""
"","","","","","sentence","85166","html-keyboard-response","285","375743","0.0-7.0-1.62","746","You drop a brick on a potato chip."," ","","3","Typical_Smashed","You drop a brick on a potato chip.","chipS.jpg","",""
"","","","","","picture","85166","image-keyboard-response","286","377050","0.0-7.0-2.62","1304","chipS.jpg","s","","3","Typical_Smashed","You drop a brick on a potato chip.","chipS.jpg","true",""
"","","","","","fixation","85166","html-keyboard-response","287","377560","0.0-7.0-3.62","null","<p style=""font-size: 48px;"">+</p>","null","","","","","","",""
"","","","","","fixation","85166","html-keyboard-response","288","378571","0.0-7.0-0.63","null","<p style=""font-size: 48px;"">+</p>","null","","","","","","",""
"","","","","","sentence","85166","html-keyboard-response","289","379982","0.0-7.0-1.63","1409","You see how an old man is hammering a nail"," ","","3","filler","You see how an old man is hammering a nail","nail.jpg","",""
"","","","","","picture","85166","image-keyboard-response","290","381341","0.0-7.0-2.63","1355","nail.jpg","s","","3","filler","You see how an old man is hammering a nail","nail.jpg","true",""
"","","","","","fixation","85166","html-keyboard-response","291","381847","0.0-7.0-3.63","null","<p style=""font-size: 48px;"">+</p>","null","","","","","","",""
"","","","","","fixation","85166","html-keyboard-response","292","382860","0.0-7.0-0.64","null","<p style=""font-size: 48px;"">+</p>","null","","","","","","",""
"","","","","","sentence","85166","html-keyboard-response","293","383673","0.0-7.0-1.64","811","You drop a brick on a chocolate."," ","","3","Atypical_Smashed","You drop a brick on a chocolate.","chocolatebarAS.jpeg","",""
"","","","","","picture","85166","image-keyboard-response","294","384502","0.0-7.0-2.64","826","chocolatebarAS.jpeg","s","","3","Atypical_Smashed","You drop a brick on a chocolate.","chocolatebarAS.jpeg","true",""
"","","","","","fixation","85166","html-keyboard-response","295","385010","0.0-7.0-3.64","null","<p style=""font-size: 48px;"">+</p>","null","","","","","","",""
"","","","","","fixation","85166","html-keyboard-response","296","386021","0.0-7.0-0.65","null","<p style=""font-size: 48px;"">+</p>","null","","","","","","",""
"","","","","","sentence","85166","html-keyboard-response","297","386795","0.0-7.0-1.65","771","You see how a man is shaving his beard"," ","","3","filler","You see how a man is shaving his beard","clock.jpg","",""
"","","","","","picture","85166","image-keyboard-response","298","387494","0.0-7.0-2.65","696","clock.jpg","n","","3","filler","You see how a man is shaving his beard","clock.jpg","true",""
"","","","","","fixation","85166","html-keyboard-response","299","387996","0.0-7.0-3.65","null","<p style=""font-size: 48px;"">+</p>","null","","","","","","",""
"","","","","","fixation","85166","html-keyboard-response","300","389015","0.0-7.0-0.66","null","<p style=""font-size: 48px;"">+</p>","null","","","","","","",""
"","","","","","sentence","85166","html-keyboard-response","301","390640","0.0-7.0-1.66","1623","You drop a brick on a tortilla."," ","","3","Typical_Smashed","You drop a brick on a tortilla.","tortitaS.jpg","",""
"","","","","","picture","85166","image-keyboard-response","302","391830","0.0-7.0-2.66","1186","tortitaS.jpg","n","","3","Typical_Smashed","You drop a brick on a tortilla.","tortitaS.jpg","false",""
"","","","","","fixation","85166","html-keyboard-response","303","392342","0.0-7.0-3.66","null","<p style=""font-size: 48px;"">+</p>","null","","","","","","",""
"","","","","","fixation","85166","html-keyboard-response","304","393360","0.0-7.0-0.67","null","<p style=""font-size: 48px;"">+</p>","null","","","","","","",""
"","","","","","sentence","85166","html-keyboard-response","305","394191","0.0-7.0-1.67","829","You drop a toothbrush on the sponge"," ","","3","filler","You drop a toothbrush on the sponge","sponge.jpg","",""
"","","","","","picture","85166","image-keyboard-response","306","394981","0.0-7.0-2.67","786","sponge.jpg","s","","3","filler","You drop a toothbrush on the sponge","sponge.jpg","true",""
"","","","","","fixation","85166","html-keyboard-response","307","395491","0.0-7.0-3.67","null","<p style=""font-size: 48px;"">+</p>","null","","","","","","",""
"","","","","","fixation","85166","html-keyboard-response","308","396511","0.0-7.0-0.68","null","<p style=""font-size: 48px;"">+</p>","null","","","","","","",""
"","","","","","sentence","85166","html-keyboard-response","309","397478","0.0-7.0-1.68","965","You drop a brick on a pumpkin."," ","","3","Typical_Smashed","You drop a brick on a pumpkin.","pumpkinS.jpeg","",""
"","","","","","picture","85166","image-keyboard-response","310","399017","0.0-7.0-2.68","1535","pumpkinS.jpeg","s","","3","Typical_Smashed","You drop a brick on a pumpkin.","pumpkinS.jpeg","true",""
"","","","","","fixation","85166","html-keyboard-response","311","399535","0.0-7.0-3.68","null","<p style=""font-size: 48px;"">+</p>","null","","","","","","",""
"","","","","","fixation","85166","html-keyboard-response","312","400550","0.0-7.0-0.69","null","<p style=""font-size: 48px;"">+</p>","null","","","","","","",""
"","","","","","sentence","85166","html-keyboard-response","313","401055","0.0-7.0-1.69","502","You see how an astronaut is putting on a space suit"," ","","3","filler","You see how an astronaut is putting on a space suit","spacesuit.jpg","",""
"","","","","","picture","85166","image-keyboard-response","314","402089","0.0-7.0-2.69","1031","spacesuit.jpg","s","","3","filler","You see how an astronaut is putting on a space suit","spacesuit.jpg","true",""
"","","","","","fixation","85166","html-keyboard-response","315","402600","0.0-7.0-3.69","null","<p style=""font-size: 48px;"">+</p>","null","","","","","","",""
"","","","","","fixation","85166","html-keyboard-response","316","403607","0.0-7.0-0.70","null","<p style=""font-size: 48px;"">+</p>","null","","","","","","",""
"","","","","","sentence","85166","html-keyboard-response","317","404565","0.0-7.0-1.70","956","You see how a cook is taking a knife"," ","","3","filler","You see how a cook is taking a knife","knife.jpg","",""
"","","","","","picture","85166","image-keyboard-response","318","405383","0.0-7.0-2.70","815","knife.jpg","s","","3","filler","You see how a cook is taking a knife","knife.jpg","true",""
"","","","","","fixation","85166","html-keyboard-response","319","405896","0.0-7.0-3.70","null","<p style=""font-size: 48px;"">+</p>","null","","","","","","",""
"","","","","","fixation","85166","html-keyboard-response","320","406901","0.0-7.0-0.71","null","<p style=""font-size: 48px;"">+</p>","null","","","","","","",""
"","","","","","sentence","85166","html-keyboard-response","321","408172","0.0-7.0-1.71","1269","You see how a puppy is playing with a ball"," ","","3","filler","You see how a puppy is playing with a ball","tennisball.jpg","",""
"","","","","","picture","85166","image-keyboard-response","322","408861","0.0-7.0-2.71","686","tennisball.jpg","s","","3","filler","You see how a puppy is playing with a ball","tennisball.jpg","true",""
"","","","","","fixation","85166","html-keyboard-response","323","409379","0.0-7.0-3.71","null","<p style=""font-size: 48px;"">+</p>","null","","","","","","",""
"","","","","","demo","85166","html-button-response","324","413128","0.0-8.0","3747","
  <p style=""font-size:20px;""> You have completed the experiment portion! </p>
  <p style=""font-size:20px;""> Before you are done, we would like you to answer some basic demographic questions. </p>
  <p style=""font-size:20px;""> While some questions are required (*) to obtain some basic information about our recruitment sample <p>
  <p style=""font-size:20px;""> you can choose to skip other questions that you do not feel comfortable answering. </p>
  <p style=""font-size:20px;""> Click the button below to continue.</p>
  ","0","","","","","","",""
"","","","","","demo","85166","survey-text","325","438379","0.0-9.0-0.0","25242","","{""Age"":""21"",""Gender"":""male"",""Education"":""17""}","","","","","","",""
"","","","","","demo","85166","survey-multi-select","326","442815","0.0-9.0-1.0","4424","","{""Race"":[""White/Caucasian""]}","","","","","","","[0]"
"","","","","","demo","85166","survey-multi-choice","327","452742","0.0-9.0-2.0","9914","","{""Latino"":""No"",""DominantHand"":""Right"",""Alert"":""Evening""}","","","","","","","[0,1,2]"
"","","","","","english","85166","survey-multi-choice","328","455772","0.0-9.0-3.0","3019","","{""English"":""Yes""}","","","","","","","[0]"
"","","","","","demo","85166","survey-text","329","459240","0.0-9.0-5.0","3429","","{""Q0"":""""}","","","","","","",""
