"","state","object","mean_rating"
"1","Slice","apple",25.9850746268657
"2","Slice","bread",55.0597014925373
"3","Slice","cake",45.9253731343284
"4","Slice","carrot",28.9253731343284
"5","Slice","cheesecake",61.2537313432836
"6","Slice","cucumber",35.3731343283582
"7","Slice","grapefruit",44.865671641791
"8","Slice","lemon",33.3582089552239
"9","Slice","mango",37.6865671641791
"10","Slice","melon",31.7761194029851
"11","Slice","mushrooms",39.2985074626866
"12","Slice","onion",34.2835820895522
"13","Slice","orange",30.044776119403
"14","Slice","peach",33.7014925373134
"15","Slice","pear",29.7313432835821
"16","Slice","pepper",26.865671641791
"17","Slice","pie",40.7611940298507
"18","Slice","pineapple",27.3283582089552
"19","Slice","pizza",48.2985074626866
"20","Slice","radish",24.5223880597015
"21","Slice","steak",36.5671641791045
"22","Slice","strawberry",34.5970149253731
"23","Slice","tomato",29.5373134328358
"24","Slice","watermelon",40.0298507462687
