state,object,mean_rating
Smashed,bananaS,78.64179104
Smashed,blackberryS,72.35820896
Smashed,blueberryS,60.82089552
Smashed,bottleS,57.67164179
Smashed,burgerS,88.34328358
Smashed,cakeS,69.41791045
Smashed,canS,56.65671642
Smashed,chipS,68.67164179
Smashed,chocolatebarS,60.32835821
Smashed,clockS,53.79104478
Smashed,computermouseS,65.92537313
Smashed,cookieS,63.01492537
Smashed,crackerS,58.91044776
Smashed,cupS,39.89552239
Smashed,donutS,67.34328358
Smashed,eggS,71.17910448
Smashed,eggflanS,60.20895522
Smashed,figureS,56.46268657
Smashed,glassesS,54.91044776
Smashed,hatS,58.94029851
Smashed,iPadS,76.64179104
Smashed,icecreamS,58.49253731
Smashed,iphoneS,76.86567164
Smashed,lampS,39.40298507
Smashed,mangoS,60.28358209
Smashed,mirrorS,54.94029851
Smashed,muffinS,66.7761194
Smashed,papayaS,52.6119403
Smashed,papercupS,52.14925373
Smashed,plateS,58.6119403
Smashed,strawberryS,60.17910448
Smashed,sushiS,57.53731343
Smashed,teapotS,45.74626866
Smashed,tileS,57.1641791
Smashed,tomatoS,70.10447761
Smashed,tortitaS,75.89552239
Smashed,tvS,57.52238806
Smashed,watchS,54.32835821
Smashed,windowshieldS,81.23880597
Smashed,wineglassS,47.85074627
