state,stimulus,mean_rating
slice,apple_slice.jpeg,25.98507463
slice,bread_slice.jpeg,55.05970149
slice,cake_slice.jpeg,45.92537313
slice,carrot_slice.jpeg,28.92537313
slice,cheesecake_slice.jpeg,61.25373134
slice,cucumber_slice.jpeg,35.37313433
slice,grapefruit_slice.jpeg,44.86567164
slice,lemon_slice.jpeg,33.35820896
slice,mango_slice.jpeg,37.68656716
slice,melon_slice.jpeg,31.7761194
slice,mushrooms_slice.jpeg,39.29850746
slice,onion_slice.jpeg,34.28358209
slice,orange_slice.jpeg,30.04477612
slice,peach_slice.jpeg,33.70149254
slice,pear_slice.jpeg,29.73134328
slice,pepper_slice.jpeg,26.86567164
slice,pie _slice.jpeg,40.76119403
slice,pineapple_slice.jpeg,27.32835821
slice,pizza_slice.jpeg,48.29850746
slice,radish_slice.jpeg,24.52238806
slice,steak_slice.jpeg,36.56716418
slice,strawberry_slice.jpeg,34.59701493
slice,tomato_slice.jpeg,29.53731343
slice,watermelon_slice.jpeg,40.02985075
