index,sentence,pic,imagefolder,imagepath,state,exp_number,sentence_font
0,You droppped a bowling ball on a blackberry.,blackberryS.jpg,PICTURES/,PICTURES/blackberryS.jpg,Smashed,E1/4,<p style='font-size:36px;'>You droppped a bowling ball on a blackberry.</p>
1,You droppped a bowling ball on a piece of cake.,cakeS.jpg,PICTURES/,PICTURES/cakeS.jpg,Smashed,E1/4,<p style='font-size:36px;'>You droppped a bowling ball on a piece of cake.</p>
2,You droppped a bowling ball on an empty can of beer.,canS.jpg,PICTURES/,PICTURES/canS.jpg,Smashed,E1/4,<p style='font-size:36px;'>You droppped a bowling ball on an empty can of beer.</p>
3,You droppped a bowling ball on a clock.,clockS.jpg,PICTURES/,PICTURES/clockS.jpg,Smashed,E1/4,<p style='font-size:36px;'>You droppped a bowling ball on a clock.</p>
4,You droppped a bowling ball on a cracker.,crackerS.jpg,PICTURES/,PICTURES/crackerS.jpg,Smashed,E1/4,<p style='font-size:36px;'>You droppped a bowling ball on a cracker.</p>
5,You droppped a bowling ball on a cup.,cupS.jpg,PICTURES/,PICTURES/cupS.jpg,Smashed,E1/4,<p style='font-size:36px;'>You droppped a bowling ball on a cup.</p>
6,You droppped a bowling ball on a donut.,donutS.jpg,PICTURES/,PICTURES/donutS.jpg,Smashed,E1/4,<p style='font-size:36px;'>You droppped a bowling ball on a donut.</p>
7,You droppped a bowling ball on an egg flan.,eggflanS.jpg,PICTURES/,PICTURES/eggflanS.jpg,Smashed,E1/4,<p style='font-size:36px;'>You droppped a bowling ball on an egg flan.</p>
8,You droppped a bowling ball on an egg.,eggS.jpg,PICTURES/,PICTURES/eggS.jpg,Smashed,E1/4,<p style='font-size:36px;'>You droppped a bowling ball on an egg.</p>
9,You droppped a bowling ball on a porcelain figurine.,figureS.jpg,PICTURES/,PICTURES/figureS.jpg,Smashed,E1/4,<p style='font-size:36px;'>You droppped a bowling ball on a porcelain figurine.</p>
10,You droppped a bowling ball on glasses.,glassesS.jpg,PICTURES/,PICTURES/glassesS.jpg,Smashed,E1/4,<p style='font-size:36px;'>You droppped a bowling ball on glasses.</p>
11,You droppped a bowling ball on a hat.,hatS.jpg,PICTURES/,PICTURES/hatS.jpg,Smashed,E1/4,<p style='font-size:36px;'>You droppped a bowling ball on a hat.</p>
12,You droppped a bowling ball on an ice-cream bar.,icecreamS.jpg,PICTURES/,PICTURES/icecreamS.jpg,Smashed,E1/4,<p style='font-size:36px;'>You droppped a bowling ball on an ice-cream bar.</p>
13,You dropped a bowling ball on an iPad.,iPadS.jpg,PICTURES/,PICTURES/iPadS.jpg,Smashed,E1/4,<p style='font-size:36px;'>You dropped a bowling ball on an iPad.</p>
14,You dropped a bowling ball on an iPhone.,iphoneS.png,PICTURES/,PICTURES/iphoneS.png,Smashed,E1/4,<p style='font-size:36px;'>You dropped a bowling ball on an iPhone.</p>
15,You dropped a bowling ball on a lamp.,lampS.jpg,PICTURES/,PICTURES/lampS.jpg,Smashed,E1/4,<p style='font-size:36px;'>You dropped a bowling ball on a lamp.</p>
16,You dropped a bowling ball on a mirror.,mirrorS.jpg,PICTURES/,PICTURES/mirrorS.jpg,Smashed,E1/4,<p style='font-size:36px;'>You dropped a bowling ball on a mirror.</p>
17,You dropped a bowling ball on a muffin.,muffinS.jpg,PICTURES/,PICTURES/muffinS.jpg,Smashed,E1/4,<p style='font-size:36px;'>You dropped a bowling ball on a muffin.</p>
18,You dropped a bowling ball on a paper cup.,papercupS.jpg,PICTURES/,PICTURES/papercupS.jpg,Smashed,E1/4,<p style='font-size:36px;'>You dropped a bowling ball on a paper cup.</p>
19,You dropped a bowling ball on a ceramic plate.,plateS.jpg,PICTURES/,PICTURES/plateS.jpg,Smashed,E1/4,<p style='font-size:36px;'>You dropped a bowling ball on a ceramic plate.</p>
20,You dropped a bowling ball on a strawberry.,strawberryS.jpg,PICTURES/,PICTURES/strawberryS.jpg,Smashed,E1/4,<p style='font-size:36px;'>You dropped a bowling ball on a strawberry.</p>
21,You dropped a bowling ball on a piece of sushi.,sushiS.jpg,PICTURES/,PICTURES/sushiS.jpg,Smashed,E1/4,<p style='font-size:36px;'>You dropped a bowling ball on a piece of sushi.</p>
22,You dropped a bowling ball on a tile.,tileS.jpg,PICTURES/,PICTURES/tileS.jpg,Smashed,E1/4,<p style='font-size:36px;'>You dropped a bowling ball on a tile.</p>
23,You dropped a bowling ball on a tomato.,tomatoS.jpg,PICTURES/,PICTURES/tomatoS.jpg,Smashed,E1/4,<p style='font-size:36px;'>You dropped a bowling ball on a tomato.</p>
24,You dropped a bowling ball on a rice cake.,tortitaS.jpg,PICTURES/,PICTURES/tortitaS.jpg,Smashed,E1/4,<p style='font-size:36px;'>You dropped a bowling ball on a rice cake.</p>
25,You dropped a bowling ball on a wine glass.,wineglassS.jpg,PICTURES/,PICTURES/wineglassS.jpg,Smashed,E1/4,<p style='font-size:36px;'>You dropped a bowling ball on a wine glass.</p>
26,You dropped a bowling ball on a banana.,bananaS.jpg,PICTURES/,PICTURES/bananaS.jpg,Smashed,E4,<p style='font-size:36px;'>You dropped a bowling ball on a banana.</p>
27,You dropped a bowling ball on a blueberry.,blueberryS.jpg,PICTURES/,PICTURES/blueberryS.jpg,Smashed,E4,<p style='font-size:36px;'>You dropped a bowling ball on a blueberry.</p>
28,You dropped a bowling ball on a bottle.,bottleS.jpg,PICTURES/,PICTURES/bottleS.jpg,Smashed,E4,<p style='font-size:36px;'>You dropped a bowling ball on a bottle.</p>
29,You dropped a bowling ball on a chocolate bar.,chocolatebarS.jpg,PICTURES/,PICTURES/chocolatebarS.jpg,Smashed,E4,<p style='font-size:36px;'>You dropped a bowling ball on a chocolate bar.</p>
30,You dropped a bowling ball on a computer mouse.,computermouseS.jpg,PICTURES/,PICTURES/computermouseS.jpg,Smashed,E4,<p style='font-size:36px;'>You dropped a bowling ball on a computer mouse.</p>
31,You dropped a bowling ball on a cookie.,cookieS..jpg,PICTURES/,PICTURES/cookieS..jpg,Smashed,E4,<p style='font-size:36px;'>You dropped a bowling ball on a cookie.</p>
32,You dropped a bowling ball on a mango.,mangoS.jpg,PICTURES/,PICTURES/mangoS.jpg,Smashed,E4,<p style='font-size:36px;'>You dropped a bowling ball on a mango.</p>
33,You dropped a bowling ball on a papaya.,papayaS.jpg,PICTURES/,PICTURES/papayaS.jpg,Smashed,E4,<p style='font-size:36px;'>You dropped a bowling ball on a papaya.</p>
34,You dropped a bowling ball on a burger.,burgerS.jpg,PICTURES/,PICTURES/burgerS.jpg,Smashed,E4,<p style='font-size:36px;'>You dropped a bowling ball on a burger.</p>
35,You dropped a bowling ball on a chip.,chipS.jpg,PICTURES/,PICTURES/chipS.jpg,Smashed,E4,<p style='font-size:36px;'>You dropped a bowling ball on a chip.</p>
36,You dropped a bowling ball on a teapot.,teapotS.jpg,PICTURES/,PICTURES/teapotS.jpg,Smashed,E4,<p style='font-size:36px;'>You dropped a bowling ball on a teapot.</p>
37,You dropped a bowling ball on a tv.,tvS.jpg,PICTURES/,PICTURES/tvS.jpg,Smashed,E4,<p style='font-size:36px;'>You dropped a bowling ball on a tv.</p>
38,You dropped a bowling ball on a watch.,watchS.jpg,PICTURES/,PICTURES/watchS.jpg,Smashed,E4,<p style='font-size:36px;'>You dropped a bowling ball on a watch.</p>
39,You dropped a bowling ball on a windowshield.,windowshieldS.jpg,PICTURES/,PICTURES/windowshieldS.jpg,Smashed,E4,<p style='font-size:36px;'>You dropped a bowling ball on a windowshield.</p>
40,Someone places a watermelon in front of you.,watermelon_whole.jpeg,PICTURES/,PICTURES/watermelon_whole.jpeg,Whole,E2,<p style='font-size:36px;'>Someone places a watermelon in front of you.</p>
41,Someone places a watermelon in front of you.,watermelon_slice.jpeg,PICTURES/,PICTURES/watermelon_slice.jpeg,Slice,E2,<p style='font-size:36px;'>Someone places a watermelon in front of you.</p>
42,Someone places an apple in front of you.,apple_whole.jpeg,PICTURES/,PICTURES/apple_whole.jpeg,Whole,E2,<p style='font-size:36px;'>Someone places an apple in front of you.</p>
43,Someone places an apple in front of you.,apple_slice.jpeg,PICTURES/,PICTURES/apple_slice.jpeg,Slice,E2,<p style='font-size:36px;'>Someone places an apple in front of you.</p>
44,Someone places a cake in front of you.,cake_whole.jpeg,PICTURES/,PICTURES/cake_whole.jpeg,Whole,E2,<p style='font-size:36px;'>Someone places a cake in front of you.</p>
45,Someone places a cake in front of you.,cake_slice.jpg,PICTURES/,PICTURES/cake_slice.jpg,Slice,E2,<p style='font-size:36px;'>Someone places a cake in front of you.</p>
46,Someone places a pie in front of you.,pie _whole.jpeg,PICTURES/,PICTURES/pie _whole.jpeg,Whole,E2,<p style='font-size:36px;'>Someone places a pie in front of you.</p>
47,Someone places a pie in front of you.,pie_slice.jpg,PICTURES/,PICTURES/pie_slice.jpg,Slice,E2,<p style='font-size:36px;'>Someone places a pie in front of you.</p>
48,Someone places bread in front of you.,bread_whole.jpeg,PICTURES/,PICTURES/bread_whole.jpeg,Whole,E2,<p style='font-size:36px;'>Someone places bread in front of you.</p>
49,Someone places bread in front of you.,bread_slice.jpg,PICTURES/,PICTURES/bread_slice.jpg,Slice,E2,<p style='font-size:36px;'>Someone places bread in front of you.</p>
50,Someone places a pineapple in front of you.,pineapple_whole.jpeg,PICTURES/,PICTURES/pineapple_whole.jpeg,Whole,E2,<p style='font-size:36px;'>Someone places a pineapple in front of you.</p>
51,Someone places a pineapple in front of you.,pineapple_slice.jpeg,PICTURES/,PICTURES/pineapple_slice.jpeg,Slice,E2,<p style='font-size:36px;'>Someone places a pineapple in front of you.</p>
52,Someone places a peach in front of you.,peach_whole.jpeg,PICTURES/,PICTURES/peach_whole.jpeg,Whole,E2,<p style='font-size:36px;'>Someone places a peach in front of you.</p>
53,Someone places a peach in front of you.,peach_slice.jpeg,PICTURES/,PICTURES/peach_slice.jpeg,Slice,E2,<p style='font-size:36px;'>Someone places a peach in front of you.</p>
54,Someone places a steak in front of you.,steak_whole.jpg,PICTURES/,PICTURES/steak_whole.jpg,Whole,E2,<p style='font-size:36px;'>Someone places a steak in front of you.</p>
55,Someone places a steak in front of you.,steak_slice.jpeg,PICTURES/,PICTURES/steak_slice.jpeg,Slice,E2,<p style='font-size:36px;'>Someone places a steak in front of you.</p>
56,Someone places a cheesecake in front of you.,cheesecake_whole.jpeg,PICTURES/,PICTURES/cheesecake_whole.jpeg,Whole,E2,<p style='font-size:36px;'>Someone places a cheesecake in front of you.</p>
57,Someone places a cheesecake in front of you.,cheesecake_slice.jpeg,PICTURES/,PICTURES/cheesecake_slice.jpeg,Slice,E2,<p style='font-size:36px;'>Someone places a cheesecake in front of you.</p>
58,Someone places a lemon in front of you.,lemon_whole.jpeg,PICTURES/,PICTURES/lemon_whole.jpeg,Whole,E2,<p style='font-size:36px;'>Someone places a lemon in front of you.</p>
59,Someone places a lemon in front of you.,lemon_slice.jpeg,PICTURES/,PICTURES/lemon_slice.jpeg,Slice,E2,<p style='font-size:36px;'>Someone places a lemon in front of you.</p>
60,Someone places a tomato in front of you.,tomato_whole.jpeg,PICTURES/,PICTURES/tomato_whole.jpeg,Whole,E2,<p style='font-size:36px;'>Someone places a tomato in front of you.</p>
61,Someone places a tomato in front of you.,tomato_slice.jpeg,PICTURES/,PICTURES/tomato_slice.jpeg,Slice,E2,<p style='font-size:36px;'>Someone places a tomato in front of you.</p>
62,Someone places an orange in front of you.,orange_whole.jppg,PICTURES/,PICTURES/orange_whole.jppg,Whole,E2,<p style='font-size:36px;'>Someone places an orange in front of you.</p>
63,Someone places an orange in front of you.,orange_slice.jpeg,PICTURES/,PICTURES/orange_slice.jpeg,Slice,E2,<p style='font-size:36px;'>Someone places an orange in front of you.</p>
64,Someone places a pizza in front of you.,pizza_whole.jpeg,PICTURES/,PICTURES/pizza_whole.jpeg,Whole,E2,<p style='font-size:36px;'>Someone places a pizza in front of you.</p>
65,Someone places a pizza in front of you.,pizza_slice.jpeg,PICTURES/,PICTURES/pizza_slice.jpeg,Slice,E2,<p style='font-size:36px;'>Someone places a pizza in front of you.</p>
66,Someone places a melon in front of you.,melon_whole.jpeg,PICTURES/,PICTURES/melon_whole.jpeg,Whole,E2,<p style='font-size:36px;'>Someone places a melon in front of you.</p>
67,Someone places a melon in front of you.,melon_slice.jpeg,PICTURES/,PICTURES/melon_slice.jpeg,Slice,E2,<p style='font-size:36px;'>Someone places a melon in front of you.</p>
68,Someone places a cucumber in front of you.,cucumber_whole.jpeg,PICTURES/,PICTURES/cucumber_whole.jpeg,Whole,E2,<p style='font-size:36px;'>Someone places a cucumber in front of you.</p>
69,Someone places a cucumber in front of you.,cucumber_slice.jpeg,PICTURES/,PICTURES/cucumber_slice.jpeg,Slice,E2,<p style='font-size:36px;'>Someone places a cucumber in front of you.</p>
70,Someone places a carrot in front of you.,carrot_whole.jpeg,PICTURES/,PICTURES/carrot_whole.jpeg,Whole,E2,<p style='font-size:36px;'>Someone places a carrot in front of you.</p>
71,Someone places a carrot in front of you.,carrot_slice.jpeg,PICTURES/,PICTURES/carrot_slice.jpeg,Slice,E2,<p style='font-size:36px;'>Someone places a carrot in front of you.</p>
72,Someone places an onion in front of you.,onion_whole.jpeg,PICTURES/,PICTURES/onion_whole.jpeg,Whole,E2,<p style='font-size:36px;'>Someone places an onion in front of you.</p>
73,Someone places an onion in front of you.,onion_slice.jpeg,PICTURES/,PICTURES/onion_slice.jpeg,Slice,E2,<p style='font-size:36px;'>Someone places an onion in front of you.</p>
74,Someone places a mushroom in front of you.,mushrooms_whole.jpeg,PICTURES/,PICTURES/mushrooms_whole.jpeg,Whole,E2,<p style='font-size:36px;'>Someone places a mushroom in front of you.</p>
75,Someone places a mushroom in front of you.,mushrooms_slice.jpeg,PICTURES/,PICTURES/mushrooms_slice.jpeg,Slice,E2,<p style='font-size:36px;'>Someone places a mushroom in front of you.</p>
76,Someone places a radish in front of you.,radish_whole.jpeg,PICTURES/,PICTURES/radish_whole.jpeg,Whole,E2,<p style='font-size:36px;'>Someone places a radish in front of you.</p>
77,Someone places a radish in front of you.,radish_slice.jpeg,PICTURES/,PICTURES/radish_slice.jpeg,Slice,E2,<p style='font-size:36px;'>Someone places a radish in front of you.</p>
78,Someone places a pear in front of you.,pear_whole.jpeg,PICTURES/,PICTURES/pear_whole.jpeg,Whole,E2,<p style='font-size:36px;'>Someone places a pear in front of you.</p>
79,Someone places a pear in front of you.,pear_slice.jpeg,PICTURES/,PICTURES/pear_slice.jpeg,Slice,E2,<p style='font-size:36px;'>Someone places a pear in front of you.</p>
80,Someone places a pepper in front of you.,pepper_whole.jpeg,PICTURES/,PICTURES/pepper_whole.jpeg,Whole,E2,<p style='font-size:36px;'>Someone places a pepper in front of you.</p>
81,Someone places a pepper in front of you.,pepper_slice.jpeg,PICTURES/,PICTURES/pepper_slice.jpeg,Slice,E2,<p style='font-size:36px;'>Someone places a pepper in front of you.</p>
82,Someone places a mango in front of you.,mango_whole.jpeg,PICTURES/,PICTURES/mango_whole.jpeg,Whole,E2,<p style='font-size:36px;'>Someone places a mango in front of you.</p>
83,Someone places a mango in front of you.,mango_slice.jpeg,PICTURES/,PICTURES/mango_slice.jpeg,Slice,E2,<p style='font-size:36px;'>Someone places a mango in front of you.</p>
84,Someone places a strawberry in front of you.,strawberry_whole.jpeg,PICTURES/,PICTURES/strawberry_whole.jpeg,Whole,E2,<p style='font-size:36px;'>Someone places a strawberry in front of you.</p>
85,Someone places a mango in front of you.,strawberry_slice.jpeg,PICTURES/,PICTURES/strawberry_slice.jpeg,Slice,E2,<p style='font-size:36px;'>Someone places a mango in front of you.</p>
86,Someone places a grapefruit in front of you.,grapefruit_whole.jpeg,PICTURES/,PICTURES/grapefruit_whole.jpeg,Whole,E2,<p style='font-size:36px;'>Someone places a grapefruit in front of you.</p>
87,Someone places a grapefruit in front of you.,grapefruit_slice.jpeg,PICTURES/,PICTURES/grapefruit_slice.jpeg,Slice,E2,<p style='font-size:36px;'>Someone places a grapefruit in front of you.</p>
