sentence,condition,target,sentence_font,n1,n1,n3
You dropped a bowling ball on a tomato.,E1,tomato,<p style='font-size:36px;'>You dropped a bowling ball on a tomato.</p>,You,bowling ball,tomato
You dropped a bowling ball on a blueberry.,E1,blueberry,<p style='font-size:36px;'>You dropped a bowling ball on a blueberry.</p>,You,bowling ball,blueberry
You dropped a bowling ball on a muffin.,E1,muffin,<p style='font-size:36px;'>You dropped a bowling ball on a muffin.</p>,You,bowling ball,muffin
A falling brick came in contact with a tomato.,4a-NotFocus,tomato,<p style='font-size:36px;'>A falling brick came in contact with a tomato.</p>,falling brick,tomato,
A falling brick came in contact with a blueberry.,4a-NotFocus,blueberry,<p style='font-size:36px;'>A falling brick came in contact with a blueberry.</p>,falling brick,blueberry,
A falling brick came in contact with a muffin.,4a-NotFocus,muffin,<p style='font-size:36px;'>A falling brick came in contact with a muffin.</p>,falling brick,muffin,
A tomato came in contact with a falling brick.,4a-Focus,tomato,<p style='font-size:36px;'>A tomato came in contact with a falling brick.</p>,tomato,falling brick,
A blueberry came in contact with a falling brick.,4a-Focus,blueberry,<p style='font-size:36px;'>A blueberry came in contact with a falling brick.</p>,blueberry,falling brick,
A muffin came in contact with a falling brick.,4a-Focus,muffin,<p style='font-size:36px;'>A muffin came in contact with a falling brick.</p>,muffin,falling brick,
You dropped a bowling ball onto a tomato.,4c-NotFocus,tomato,<p style='font-size:36px;'>You dropped a bowling ball onto a tomato.</p>,bowling ball,tomato,
You dropped a bowling ball onto a blueberry.,4c-NotFocus,blueberry,<p style='font-size:36px;'>You dropped a bowling ball onto a blueberry.</p>,bowling ball,blueberry,
You dropped a bowling ball onto a muffin.,4c-NotFocus,muffin,<p style='font-size:36px;'>You dropped a bowling ball onto a muffin.</p>,bowling ball,muffin,
Onto a tomato you dropped a bowling ball.,4c-Focus,tomato,<p style='font-size:36px;'>Onto a tomato you dropped a bowling ball.</p>,tomato,bowling ball,
Onto a blueberry you dropped a bowling ball.,4c-Focus,blueberry,<p style='font-size:36px;'>Onto a blueberry you dropped a bowling ball.</p>,blueberry,bowling ball,
Onto a muffin you dropped a bowling ball.,4c-Focus,muffin,<p style='font-size:36px;'>Onto a muffin you dropped a bowling ball.</p>,muffin,bowling ball,
A bowling ball is what you dropped on a tomato.,R2-NotFocus,tomato,<p style='font-size:36px;'>A bowling ball is what you dropped on a tomato.</p>,bowling ball,tomato,
A bowling ball is what you dropped on a blueberry.,R2-NotFocus,blueberry,<p style='font-size:36px;'>A bowling ball is what you dropped on a blueberry.</p>,bowling ball,blueberry,
A bowling ball is what you dropped on a muffin.,R2-NotFocus,muffin,<p style='font-size:36px;'>A bowling ball is what you dropped on a muffin.</p>,bowling ball,muffin,
A tomato is what you dropped a bowling ball on.,R2-Focus,tomato,<p style='font-size:36px;'>A tomato is what you dropped a bowling ball on.</p>,tomato,bowling ball,
A blueberry is what you dropped a bowling ball on.,R2-Focus,blueberry,<p style='font-size:36px;'>A blueberry is what you dropped a bowling ball on.</p>,blueberry,bowling ball,
A muffin is what you dropped a bowling ball on.,R2-Focus,muffin,<p style='font-size:36px;'>A muffin is what you dropped a bowling ball on.</p>,muffin,bowling ball,
Someone slices a tomato in front of you.,E2-Slice,tomato,<p style='font-size:36px;'>Someone slices a tomato in front of you.</p>,Someone,tomato,you
Someone slices a blueberry in front of you.,E2-Slice,blueberry,<p style='font-size:36px;'>Someone slices a blueberry in front of you.</p>,Someone,muffin,you
Someone slices a muffin in front of you.,E2-Slice,muffin,<p style='font-size:36px;'>Someone slices a muffin in front of you.</p>,Someone,blueberry,you
Someone places a tomato in front of you.,E2-Neut,tomato,<p style='font-size:36px;'>Someone places a tomato in front of you.</p>,Someone,tomato,you
Someone places a blueberry in front of you.,E2-Neut,blueberry,<p style='font-size:36px;'>Someone places a blueberry in front of you.</p>,Someone,muffin,you
Someone places a muffin in front of you.,E2-Neut,muffin,<p style='font-size:36px;'>Someone places a muffin in front of you.</p>,Someone,blueberry,you
